timestamp,transaction_type,channel,amount_band,hour_of_day,recent_transaction_count,minutes_since_previous_transaction,device_change,distance_from_recent_pattern
2026-01-01T12:03:00Z,external_transfer,web,500_to_999,12,3,28.07,false,0.320
2026-01-01T18:02:00Z,debit_purchase,atm,under_25,18,0,76.05,false,0.160
2026-01-01T15:52:00Z,bill_payment,branch_assisted,100_to_499,15,3,28.17,false,0.025
2026-01-01T14:46:00Z,debit_purchase,mobile,25_to_99,14,3,31.12,true,0.201
2026-01-02T18:41:00Z,debit_purchase,mobile,under_25,18,0,95.34,false,0.304
2026-01-02T19:57:00Z,debit_purchase,mobile,under_25,19,1,24.12,false,0.114
2026-01-02T20:17:00Z,bill_payment,branch_assisted,1000_to_2499,20,3,70.54,false,0.385
2026-01-02T16:43:00Z,debit_purchase,web,under_25,16,4,79.87,false,0.081
2026-01-03T10:45:00Z,atm_withdrawal,atm,100_to_499,10,4,87.55,false,0.092
2026-01-03T17:48:00Z,debit_purchase,web,under_25,17,0,102.04,false,0.201
2026-01-03T18:51:00Z,internal_transfer,mobile,1000_to_2499,18,3,67.90,false,0.088
2026-01-03T17:54:00Z,internal_transfer,mobile,100_to_499,17,0,65.87,false,0.222
2026-01-04T10:55:00Z,atm_withdrawal,atm,25_to_99,10,3,48.45,false,0.144
2026-01-04T11:36:00Z,debit_purchase,mobile,25_to_99,11,2,98.76,false,0.254
2026-01-04T09:37:00Z,deposit,atm,500_to_999,9,1,97.83,false,0.108
2026-01-04T03:08:00Z,debit_purchase,atm,under_25,3,1,53.24,false,0.072
2026-01-05T11:40:00Z,bill_payment,branch_assisted,1000_to_2499,11,1,194.56,false,0.118
2026-01-05T10:16:00Z,debit_purchase,mobile,under_25,10,1,60.41,false,0.326
2026-01-05T16:00:00Z,bill_payment,mobile,100_to_499,16,1,37.65,false,0.518
2026-01-05T12:52:00Z,external_transfer,web,2500_plus,12,2,70.89,false,0.275
2026-01-06T13:22:00Z,internal_transfer,web,500_to_999,13,4,69.43,false,0.185
2026-01-06T18:23:00Z,debit_purchase,atm,under_25,18,0,57.77,false,0.181
2026-01-06T11:23:00Z,debit_purchase,web,25_to_99,11,1,67.55,false,0.176
2026-01-06T17:06:00Z,bill_payment,branch_assisted,500_to_999,17,3,46.20,false,0.203
2026-01-07T11:38:00Z,internal_transfer,web,25_to_99,11,2,13.00,false,0.227
2026-01-07T15:43:00Z,debit_purchase,mobile,25_to_99,15,2,70.78,false,0.192
2026-01-07T17:25:00Z,internal_transfer,mobile,100_to_499,17,5,36.89,false,0.165
2026-01-07T19:32:00Z,internal_transfer,branch_assisted,100_to_499,19,2,30.10,false,0.084
2026-01-08T17:05:00Z,external_transfer,web,100_to_499,17,3,32.61,false,0.235
2026-01-08T12:24:00Z,debit_purchase,atm,under_25,12,0,34.42,false,0.285
2026-01-08T17:03:00Z,atm_withdrawal,atm,under_25,17,3,139.22,false,0.141
2026-01-08T09:18:00Z,internal_transfer,web,25_to_99,9,3,104.94,false,0.027
2026-01-09T17:55:00Z,atm_withdrawal,atm,100_to_499,17,2,133.84,false,0.285
2026-01-09T17:31:00Z,internal_transfer,mobile,500_to_999,17,2,35.57,false,0.198
2026-01-09T13:59:00Z,bill_payment,branch_assisted,100_to_499,13,0,81.03,false,0.196
2026-01-09T05:17:00Z,bill_payment,web,500_to_999,5,1,72.00,false,0.181
2026-01-10T19:50:00Z,debit_purchase,web,25_to_99,19,1,68.13,false,0.146
2026-01-10T11:33:00Z,internal_transfer,mobile,500_to_999,11,1,133.98,false,0.391
2026-01-10T15:22:00Z,bill_payment,branch_assisted,100_to_499,15,1,163.49,false,0.132
2026-01-10T08:44:00Z,deposit,branch_assisted,100_to_499,8,3,250.42,false,0.291
2026-01-11T06:19:00Z,atm_withdrawal,atm,100_to_499,6,2,193.59,false,0.425
2026-01-11T07:35:00Z,debit_purchase,mobile,100_to_499,7,1,86.82,false,0.286
2026-01-11T11:07:00Z,bill_payment,web,100_to_499,11,2,145.21,false,0.200
2026-01-11T10:50:00Z,deposit,branch_assisted,under_25,10,2,24.60,false,0.151
2026-01-12T18:49:00Z,debit_purchase,atm,25_to_99,18,2,75.99,false,0.471
2026-01-12T14:09:00Z,atm_withdrawal,atm,under_25,14,4,15.39,false,0.363
2026-01-12T09:05:00Z,deposit,atm,100_to_499,9,4,33.88,false,0.200
2026-01-12T11:52:00Z,deposit,branch_assisted,2500_plus,11,3,150.28,false,0.138
2026-01-13T14:53:00Z,debit_purchase,atm,100_to_499,14,1,82.05,true,0.294
2026-01-13T10:45:00Z,bill_payment,web,500_to_999,10,3,28.02,false,0.429
2026-01-13T23:08:00Z,debit_purchase,atm,100_to_499,23,4,189.80,false,0.163
2026-01-13T12:22:00Z,external_transfer,mobile,1000_to_2499,12,1,51.63,false,0.075
2026-01-14T21:14:00Z,debit_purchase,mobile,25_to_99,21,3,22.67,false,0.205
2026-01-14T23:24:00Z,debit_purchase,mobile,25_to_99,23,4,144.08,false,0.128
2026-01-14T09:02:00Z,debit_purchase,mobile,under_25,9,1,108.06,false,0.341
2026-01-14T06:45:00Z,debit_purchase,web,under_25,6,2,76.50,true,0.495
2026-01-15T07:12:00Z,debit_purchase,web,under_25,7,5,84.69,false,0.330
2026-01-15T07:59:00Z,bill_payment,web,100_to_499,7,3,308.44,false,0.215
2026-01-15T20:25:00Z,atm_withdrawal,atm,under_25,20,2,182.63,false,0.236
2026-01-15T13:18:00Z,internal_transfer,branch_assisted,100_to_499,13,4,16.63,false,0.104
2026-01-16T15:43:00Z,atm_withdrawal,atm,500_to_999,15,1,80.34,false,0.213
2026-01-16T18:57:00Z,debit_purchase,web,25_to_99,18,4,45.74,false,0.668
2026-01-16T08:07:00Z,deposit,mobile,500_to_999,8,2,53.35,false,0.387
2026-01-16T10:23:00Z,bill_payment,web,100_to_499,10,2,326.80,false,0.239
2026-01-17T13:06:00Z,debit_purchase,web,25_to_99,13,4,138.10,false,0.134
2026-01-17T01:47:00Z,debit_purchase,web,under_25,1,3,89.65,false,0.250
2026-01-17T15:27:00Z,debit_purchase,atm,under_25,15,3,100.39,false,0.466
2026-01-17T11:03:00Z,debit_purchase,web,500_to_999,11,1,70.45,false,0.401
2026-01-18T15:26:00Z,debit_purchase,web,under_25,15,0,58.97,false,0.080
2026-01-18T11:05:00Z,bill_payment,web,100_to_499,11,3,143.33,false,0.010
2026-01-18T16:55:00Z,internal_transfer,branch_assisted,100_to_499,16,3,28.58,true,0.257
2026-01-18T17:08:00Z,debit_purchase,web,under_25,17,2,76.40,false,0.195
2026-01-19T08:28:00Z,bill_payment,branch_assisted,100_to_499,8,4,64.21,false,0.191
2026-01-19T16:02:00Z,external_transfer,web,1000_to_2499,16,2,63.01,true,0.183
2026-01-19T17:08:00Z,atm_withdrawal,atm,100_to_499,17,4,89.75,false,0.126
2026-01-19T17:31:00Z,debit_purchase,atm,25_to_99,17,1,32.97,false,0.092
2026-01-20T16:54:00Z,debit_purchase,web,500_to_999,16,4,25.84,false,0.057
2026-01-20T16:25:00Z,external_transfer,web,500_to_999,16,2,61.80,false,0.016
2026-01-20T17:36:00Z,debit_purchase,web,under_25,17,3,109.96,false,0.155
2026-01-20T22:10:00Z,debit_purchase,mobile,under_25,22,1,40.07,false,0.082
2026-01-21T15:50:00Z,internal_transfer,web,100_to_499,15,1,79.38,false,0.086
2026-01-21T17:16:00Z,atm_withdrawal,atm,under_25,17,2,178.03,true,0.428
2026-01-21T08:26:00Z,external_transfer,web,500_to_999,8,3,131.37,false,0.117
2026-01-21T12:29:00Z,deposit,branch_assisted,100_to_499,12,2,136.56,false,0.412
2026-01-22T17:36:00Z,external_transfer,mobile,500_to_999,17,1,106.63,false,0.141
2026-01-22T12:43:00Z,debit_purchase,atm,100_to_499,12,2,77.54,false,0.356
2026-01-22T19:09:00Z,internal_transfer,branch_assisted,25_to_99,19,2,93.29,false,0.035
2026-01-22T10:46:00Z,internal_transfer,mobile,500_to_999,10,1,325.72,false,0.205
2026-01-23T18:48:00Z,debit_purchase,mobile,25_to_99,18,0,22.05,false,0.271
2026-01-23T11:49:00Z,debit_purchase,web,under_25,11,7,29.36,false,0.064
2026-01-23T14:51:00Z,internal_transfer,web,100_to_499,14,3,35.41,false,0.206
2026-01-23T15:09:00Z,debit_purchase,web,under_25,15,2,66.69,false,0.186
2026-01-24T13:53:00Z,internal_transfer,web,500_to_999,13,0,90.08,false,0.093
2026-01-24T03:52:00Z,bill_payment,branch_assisted,500_to_999,3,1,48.16,false,0.297
2026-01-24T06:31:00Z,internal_transfer,branch_assisted,1000_to_2499,6,3,223.58,false,0.088
2026-01-24T12:02:00Z,bill_payment,web,500_to_999,12,1,15.98,false,0.176
2026-01-25T21:12:00Z,bill_payment,web,500_to_999,21,1,30.58,false,0.165
2026-01-25T15:07:00Z,bill_payment,branch_assisted,100_to_499,15,2,69.20,false,0.180
2026-01-25T09:29:00Z,debit_purchase,web,under_25,9,2,130.19,true,0.407
2026-01-25T14:06:00Z,debit_purchase,mobile,25_to_99,14,3,140.52,false,0.126
2026-01-26T10:58:00Z,internal_transfer,web,500_to_999,10,1,689.73,false,0.542
2026-01-26T13:48:00Z,external_transfer,mobile,1000_to_2499,13,3,85.25,false,0.122
2026-01-26T12:04:00Z,debit_purchase,atm,25_to_99,12,1,99.94,false,0.092
2026-01-26T21:30:00Z,internal_transfer,web,100_to_499,21,2,12.97,false,0.403
2026-01-27T13:38:00Z,debit_purchase,mobile,25_to_99,13,3,77.22,false,0.169
2026-01-27T10:41:00Z,bill_payment,web,100_to_499,10,2,72.99,true,0.781
2026-01-27T20:49:00Z,debit_purchase,web,25_to_99,20,4,46.09,false,0.052
2026-01-27T20:24:00Z,debit_purchase,mobile,25_to_99,20,4,89.62,false,0.111
2026-01-28T13:19:00Z,internal_transfer,web,500_to_999,13,2,224.08,false,0.157
2026-01-28T15:22:00Z,debit_purchase,mobile,25_to_99,15,2,143.02,false,0.232
2026-01-28T10:58:00Z,debit_purchase,atm,100_to_499,10,1,106.98,false,0.051
2026-01-28T17:38:00Z,external_transfer,mobile,1000_to_2499,17,2,20.26,false,0.132
2026-01-29T13:35:00Z,external_transfer,mobile,500_to_999,13,2,54.65,true,0.293
2026-01-29T10:40:00Z,atm_withdrawal,atm,25_to_99,10,3,36.66,false,0.138
2026-01-29T11:48:00Z,internal_transfer,branch_assisted,1000_to_2499,11,3,49.38,false,0.167
2026-01-29T20:36:00Z,internal_transfer,branch_assisted,100_to_499,20,3,38.11,false,0.204
2026-01-30T09:45:00Z,debit_purchase,web,under_25,9,4,9.25,false,0.317
2026-01-30T08:11:00Z,deposit,branch_assisted,500_to_999,8,1,70.18,false,0.193
2026-01-30T17:06:00Z,bill_payment,web,500_to_999,17,1,82.65,false,0.397
2026-01-30T17:15:00Z,debit_purchase,mobile,25_to_99,17,5,8.65,false,0.010
2026-01-31T18:26:00Z,debit_purchase,web,25_to_99,18,0,53.36,false,0.174
2026-01-31T20:27:00Z,internal_transfer,web,500_to_999,20,1,15.59,false,0.084
2026-01-31T15:19:00Z,debit_purchase,web,25_to_99,15,2,75.89,false,0.033
2026-01-31T22:32:00Z,debit_purchase,mobile,under_25,22,3,22.77,false,0.114
2026-02-01T14:53:00Z,external_transfer,mobile,500_to_999,14,3,25.09,false,0.260
2026-02-01T16:38:00Z,atm_withdrawal,atm,25_to_99,16,2,159.39,false,0.261
2026-02-01T18:06:00Z,debit_purchase,mobile,under_25,18,2,186.81,false,0.181
2026-02-01T12:49:00Z,deposit,branch_assisted,25_to_99,12,0,71.96,false,0.345
2026-02-02T17:50:00Z,internal_transfer,branch_assisted,100_to_499,17,3,215.09,false,0.359
2026-02-02T16:07:00Z,atm_withdrawal,atm,25_to_99,16,3,67.95,false,0.140
2026-02-02T18:11:00Z,debit_purchase,mobile,100_to_499,18,0,98.37,false,0.131
2026-02-02T20:22:00Z,internal_transfer,mobile,100_to_499,20,2,32.81,false,0.167
2026-02-03T23:31:00Z,debit_purchase,mobile,25_to_99,23,2,56.63,false,0.270
2026-02-03T14:51:00Z,debit_purchase,mobile,100_to_499,14,4,6.26,false,0.083
2026-02-03T07:43:00Z,deposit,atm,1000_to_2499,7,3,68.76,false,0.076
2026-02-03T22:16:00Z,debit_purchase,web,25_to_99,22,1,132.27,false,0.074
2026-02-04T13:40:00Z,atm_withdrawal,atm,25_to_99,13,2,85.35,false,0.136
2026-02-04T17:32:00Z,bill_payment,mobile,1000_to_2499,17,2,178.92,false,0.272
2026-02-04T14:00:00Z,debit_purchase,mobile,under_25,14,1,29.89,false,0.430
2026-02-04T19:51:00Z,debit_purchase,mobile,under_25,19,1,104.41,false,0.087
2026-02-05T21:05:00Z,debit_purchase,web,100_to_499,21,1,84.88,false,0.233
2026-02-05T12:30:00Z,internal_transfer,mobile,1000_to_2499,12,3,282.33,false,0.113
2026-02-05T11:29:00Z,debit_purchase,web,25_to_99,11,3,45.59,false,0.128
2026-02-05T16:30:00Z,debit_purchase,web,25_to_99,16,3,282.89,false,0.343
2026-02-06T13:11:00Z,external_transfer,branch_assisted,1000_to_2499,13,0,54.78,false,0.066
2026-02-06T12:16:00Z,atm_withdrawal,atm,25_to_99,12,2,144.50,false,0.044
2026-02-06T21:26:00Z,deposit,atm,25_to_99,21,3,57.34,false,0.262
2026-02-06T06:58:00Z,external_transfer,web,2500_plus,6,4,225.70,false,0.362
2026-02-07T15:48:00Z,debit_purchase,mobile,under_25,15,2,44.73,false,0.194
2026-02-07T17:49:00Z,debit_purchase,atm,100_to_499,17,1,211.84,false,0.010
2026-02-07T20:18:00Z,internal_transfer,branch_assisted,100_to_499,20,4,22.45,false,0.226
2026-02-07T22:13:00Z,internal_transfer,mobile,500_to_999,22,5,163.00,false,0.283
2026-02-08T12:23:00Z,debit_purchase,mobile,100_to_499,12,3,68.70,false,0.202
2026-02-08T21:45:00Z,debit_purchase,atm,100_to_499,21,3,119.17,false,0.151
2026-02-08T16:37:00Z,bill_payment,branch_assisted,100_to_499,16,1,33.32,false,0.155
2026-02-08T11:11:00Z,external_transfer,mobile,500_to_999,11,1,78.44,false,0.121
2026-02-09T17:49:00Z,bill_payment,web,100_to_499,17,4,25.57,false,0.135
2026-02-09T15:06:00Z,debit_purchase,atm,25_to_99,15,0,215.33,false,0.423
2026-02-09T09:54:00Z,atm_withdrawal,atm,100_to_499,9,3,125.55,false,0.174
2026-02-09T11:02:00Z,bill_payment,mobile,25_to_99,11,3,20.09,false,0.133
2026-02-10T18:59:00Z,debit_purchase,mobile,under_25,18,1,149.20,false,0.091
2026-02-10T12:20:00Z,external_transfer,web,1000_to_2499,12,2,131.09,false,0.036
2026-02-10T16:16:00Z,internal_transfer,web,100_to_499,16,2,34.07,false,0.164
2026-02-10T07:18:00Z,internal_transfer,branch_assisted,100_to_499,7,3,133.93,false,0.190
2026-02-11T14:17:00Z,external_transfer,branch_assisted,1000_to_2499,14,4,205.43,false,0.296
2026-02-11T09:08:00Z,bill_payment,web,25_to_99,9,3,31.26,false,0.129
2026-02-11T21:39:00Z,debit_purchase,atm,under_25,21,2,218.78,false,0.299
2026-02-11T23:06:00Z,debit_purchase,atm,25_to_99,23,2,77.74,false,0.218
2026-02-12T17:40:00Z,debit_purchase,atm,100_to_499,17,1,25.52,false,0.174
2026-02-12T10:24:00Z,deposit,mobile,1000_to_2499,10,0,116.97,false,0.253
2026-02-12T19:55:00Z,debit_purchase,atm,25_to_99,19,2,343.11,false,0.216
2026-02-12T20:49:00Z,debit_purchase,web,25_to_99,20,1,218.78,false,0.387
2026-02-13T12:12:00Z,bill_payment,mobile,500_to_999,12,1,46.06,false,0.261
2026-02-13T14:44:00Z,bill_payment,mobile,100_to_499,14,3,27.46,false,0.027
2026-02-13T13:01:00Z,internal_transfer,mobile,1000_to_2499,13,3,147.90,false,0.269
2026-02-13T13:08:00Z,debit_purchase,web,25_to_99,13,0,9.48,false,0.244
2026-02-14T11:38:00Z,deposit,branch_assisted,500_to_999,11,1,51.91,false,0.416
2026-02-14T12:58:00Z,bill_payment,mobile,500_to_999,12,2,32.61,false,0.210
2026-02-14T09:34:00Z,debit_purchase,atm,25_to_99,9,3,15.56,false,0.235
2026-02-14T10:25:00Z,internal_transfer,web,1000_to_2499,10,3,460.08,false,0.358
2026-02-15T21:26:00Z,debit_purchase,mobile,25_to_99,21,2,28.35,false,0.409
2026-02-15T14:56:00Z,atm_withdrawal,atm,100_to_499,14,1,29.00,false,0.089
2026-02-15T14:49:00Z,bill_payment,mobile,100_to_499,14,2,118.68,false,0.099
2026-02-15T13:18:00Z,debit_purchase,web,25_to_99,13,3,50.40,false,0.097
2026-02-16T17:52:00Z,debit_purchase,mobile,25_to_99,17,3,53.18,false,0.254
2026-02-16T18:35:00Z,atm_withdrawal,atm,100_to_499,18,3,55.89,false,0.098
2026-02-16T23:34:00Z,deposit,atm,100_to_499,23,2,28.24,false,0.087
2026-02-16T14:12:00Z,debit_purchase,atm,under_25,14,0,65.81,false,0.282
2026-02-17T14:22:00Z,bill_payment,branch_assisted,100_to_499,14,2,303.36,false,0.364
2026-02-17T11:10:00Z,deposit,branch_assisted,100_to_499,11,4,69.58,false,0.184
2026-02-17T15:56:00Z,debit_purchase,mobile,25_to_99,15,4,57.89,false,0.111
2026-02-17T18:26:00Z,debit_purchase,mobile,25_to_99,18,2,20.77,false,0.106
2026-02-18T15:35:00Z,debit_purchase,web,25_to_99,15,3,26.99,false,0.016
2026-02-18T13:00:00Z,external_transfer,mobile,1000_to_2499,13,3,117.82,false,0.674
2026-02-18T23:08:00Z,bill_payment,web,25_to_99,23,2,104.41,false,0.144
2026-02-18T16:21:00Z,bill_payment,web,500_to_999,16,0,186.53,false,0.014
2026-02-19T13:52:00Z,bill_payment,branch_assisted,500_to_999,13,2,350.24,false,0.294
2026-02-19T07:39:00Z,internal_transfer,branch_assisted,25_to_99,7,2,60.69,false,0.341
2026-02-19T17:33:00Z,debit_purchase,web,25_to_99,17,4,36.91,true,0.402
2026-02-19T20:03:00Z,internal_transfer,web,500_to_999,20,0,57.35,false,0.113
2026-02-20T19:37:00Z,bill_payment,branch_assisted,100_to_499,19,2,65.65,false,0.197
2026-02-20T19:45:00Z,external_transfer,mobile,1000_to_2499,19,1,27.39,false,0.238
2026-02-20T11:14:00Z,deposit,branch_assisted,2500_plus,11,2,64.66,false,0.200
2026-02-20T20:03:00Z,debit_purchase,atm,100_to_499,20,1,37.74,false,0.180
2026-02-21T15:00:00Z,bill_payment,web,1000_to_2499,15,1,96.33,false,0.357
2026-02-21T23:11:00Z,debit_purchase,mobile,under_25,23,2,94.53,false,0.536
2026-02-21T16:20:00Z,bill_payment,branch_assisted,1000_to_2499,16,1,89.37,false,0.085
2026-02-21T06:16:00Z,debit_purchase,atm,25_to_99,6,2,55.72,false,0.287
2026-02-22T16:57:00Z,debit_purchase,web,25_to_99,16,2,58.40,false,0.049
2026-02-22T20:42:00Z,bill_payment,web,100_to_499,20,2,129.35,true,0.284
2026-02-22T16:53:00Z,internal_transfer,branch_assisted,25_to_99,16,3,120.58,false,0.414
2026-02-22T17:33:00Z,external_transfer,branch_assisted,500_to_999,17,2,33.92,false,0.055
2026-02-23T13:27:00Z,internal_transfer,mobile,100_to_499,13,2,207.85,false,0.059
2026-02-23T13:57:00Z,debit_purchase,atm,under_25,13,2,78.35,false,0.204
2026-02-23T18:57:00Z,internal_transfer,branch_assisted,25_to_99,18,1,33.32,false,0.256
2026-02-23T18:44:00Z,atm_withdrawal,atm,100_to_499,18,2,74.03,false,0.155
2026-02-24T15:11:00Z,external_transfer,branch_assisted,100_to_499,15,1,108.22,false,0.011
2026-02-24T14:22:00Z,bill_payment,branch_assisted,500_to_999,14,2,28.92,false,0.172
2026-02-24T14:08:00Z,internal_transfer,branch_assisted,25_to_99,14,1,65.04,true,0.193
2026-02-24T11:50:00Z,atm_withdrawal,atm,100_to_499,11,2,88.61,false,0.050
2026-02-25T21:14:00Z,internal_transfer,web,100_to_499,21,2,13.55,false,0.143
2026-02-25T14:58:00Z,atm_withdrawal,atm,100_to_499,14,1,44.51,false,0.147
2026-02-25T21:04:00Z,debit_purchase,web,100_to_499,21,3,50.91,false,0.419
2026-02-25T11:29:00Z,atm_withdrawal,atm,100_to_499,11,2,48.00,false,0.010
2026-02-26T18:57:00Z,bill_payment,branch_assisted,100_to_499,18,2,57.12,false,0.173
2026-02-26T14:47:00Z,atm_withdrawal,atm,100_to_499,14,0,63.14,false,0.166
2026-02-26T15:26:00Z,bill_payment,web,100_to_499,15,3,35.45,false,0.238
2026-02-26T13:25:00Z,bill_payment,web,500_to_999,13,3,31.46,false,0.211
2026-02-27T15:33:00Z,deposit,atm,500_to_999,15,2,46.63,true,0.350
2026-02-27T12:49:00Z,debit_purchase,atm,under_25,12,3,45.72,false,0.179
2026-02-27T13:50:00Z,external_transfer,web,100_to_499,13,3,46.83,false,0.085
2026-02-27T10:50:00Z,debit_purchase,atm,25_to_99,10,4,18.98,false,0.208
2026-02-28T14:49:00Z,bill_payment,branch_assisted,500_to_999,14,2,130.87,false,0.362
2026-02-28T10:30:00Z,debit_purchase,web,25_to_99,10,2,122.03,false,0.252
2026-02-28T11:41:00Z,external_transfer,branch_assisted,2500_plus,11,3,129.42,false,0.250
2026-02-28T10:00:00Z,debit_purchase,web,under_25,10,1,25.46,false,0.060
2026-03-01T12:22:00Z,internal_transfer,web,1000_to_2499,12,1,20.63,false,0.224
2026-03-01T14:15:00Z,external_transfer,mobile,100_to_499,14,3,40.55,false,0.322
2026-03-01T08:51:00Z,external_transfer,mobile,2500_plus,8,0,47.56,false,0.279
2026-03-01T11:50:00Z,internal_transfer,branch_assisted,1000_to_2499,11,4,48.46,false,0.218
2026-03-02T08:58:00Z,debit_purchase,atm,25_to_99,8,3,205.06,false,0.104
2026-03-02T08:54:00Z,debit_purchase,web,under_25,8,2,89.61,false,0.249
2026-03-02T16:14:00Z,debit_purchase,web,100_to_499,16,1,23.46,false,0.173
2026-03-02T14:41:00Z,internal_transfer,branch_assisted,25_to_99,14,0,62.13,false,0.261
2026-03-03T06:22:00Z,deposit,atm,100_to_499,6,4,40.94,true,0.447
2026-03-03T13:00:00Z,external_transfer,web,500_to_999,13,3,7.10,true,0.254
2026-03-03T11:45:00Z,bill_payment,web,500_to_999,11,4,64.68,false,0.242
2026-03-03T20:30:00Z,debit_purchase,mobile,25_to_99,20,0,362.70,false,0.284
2026-03-04T13:08:00Z,bill_payment,branch_assisted,500_to_999,13,3,76.46,false,0.205
2026-03-04T14:28:00Z,atm_withdrawal,atm,500_to_999,14,3,118.15,false,0.186
2026-03-04T15:58:00Z,internal_transfer,branch_assisted,25_to_99,15,3,18.55,false,0.223
2026-03-04T14:46:00Z,bill_payment,branch_assisted,500_to_999,14,1,70.43,false,0.049
2026-03-05T16:13:00Z,debit_purchase,web,under_25,16,3,113.66,true,0.476
2026-03-05T05:26:00Z,debit_purchase,web,25_to_99,5,4,25.99,false,0.269
2026-03-05T11:53:00Z,debit_purchase,web,under_25,11,1,42.67,false,0.436
2026-03-05T20:25:00Z,debit_purchase,mobile,under_25,20,2,136.22,false,0.366
2026-03-06T09:04:00Z,bill_payment,web,500_to_999,9,1,79.57,false,0.414
2026-03-06T11:22:00Z,debit_purchase,mobile,25_to_99,11,3,248.27,false,0.228
2026-03-06T20:43:00Z,debit_purchase,atm,100_to_499,20,2,58.05,false,0.237
2026-03-06T15:49:00Z,internal_transfer,web,100_to_499,15,0,19.68,false,0.154
2026-03-07T11:36:00Z,internal_transfer,mobile,1000_to_2499,11,3,214.65,false,0.183
2026-03-07T08:44:00Z,debit_purchase,web,100_to_499,8,1,122.93,false,0.026
2026-03-07T16:23:00Z,internal_transfer,branch_assisted,500_to_999,16,2,52.19,false,0.354
2026-03-07T19:45:00Z,debit_purchase,mobile,100_to_499,19,1,476.93,false,0.420
2026-03-08T15:20:00Z,debit_purchase,web,100_to_499,15,0,52.75,false,0.283
2026-03-08T09:57:00Z,deposit,branch_assisted,2500_plus,9,0,195.35,false,0.161
2026-03-08T10:09:00Z,external_transfer,web,500_to_999,10,2,61.11,false,0.094
2026-03-08T11:30:00Z,internal_transfer,branch_assisted,100_to_499,11,2,47.02,false,0.436
2026-03-09T13:20:00Z,deposit,mobile,2500_plus,13,2,49.74,false,0.130
2026-03-09T18:27:00Z,debit_purchase,web,100_to_499,18,0,189.21,false,0.169
2026-03-09T09:39:00Z,debit_purchase,web,25_to_99,9,1,244.88,false,0.373
2026-03-09T10:22:00Z,atm_withdrawal,atm,25_to_99,10,2,66.47,false,0.242
2026-03-10T12:15:00Z,internal_transfer,web,100_to_499,12,1,348.38,false,0.061
2026-03-10T20:37:00Z,internal_transfer,web,1000_to_2499,20,5,56.22,false,0.506
2026-03-10T13:09:00Z,bill_payment,mobile,100_to_499,13,0,103.15,false,0.319
2026-03-10T19:34:00Z,bill_payment,mobile,1000_to_2499,19,4,74.55,false,0.255
2026-03-11T19:31:00Z,atm_withdrawal,atm,25_to_99,19,0,145.20,false,0.346
2026-03-11T18:49:00Z,debit_purchase,web,100_to_499,18,2,143.53,false,0.179
2026-03-11T12:03:00Z,debit_purchase,web,under_25,12,2,233.82,true,0.478
2026-03-11T15:39:00Z,internal_transfer,mobile,25_to_99,15,1,71.58,false,0.387
2026-03-12T12:48:00Z,atm_withdrawal,atm,100_to_499,12,0,73.27,false,0.142
2026-03-12T16:32:00Z,debit_purchase,atm,100_to_499,16,0,128.07,false,0.203
2026-03-12T12:33:00Z,debit_purchase,mobile,under_25,12,3,38.56,false,0.283
2026-03-12T12:02:00Z,external_transfer,mobile,1000_to_2499,12,1,46.20,false,0.253
2026-03-13T19:23:00Z,debit_purchase,mobile,under_25,19,1,28.13,false,0.112
2026-03-13T09:33:00Z,bill_payment,branch_assisted,100_to_499,9,0,67.74,false,0.421
2026-03-13T12:39:00Z,external_transfer,web,1000_to_2499,12,0,321.62,false,0.140
2026-03-13T12:09:00Z,atm_withdrawal,atm,25_to_99,12,2,21.70,false,0.148
2026-03-14T15:27:00Z,bill_payment,mobile,100_to_499,15,5,65.58,false,0.015
2026-03-14T09:10:00Z,debit_purchase,mobile,under_25,9,3,103.79,false,0.275
2026-03-14T14:20:00Z,external_transfer,web,500_to_999,14,2,308.93,true,0.281
2026-03-14T12:58:00Z,external_transfer,branch_assisted,1000_to_2499,12,3,83.37,false,0.285
2026-03-15T20:35:00Z,internal_transfer,mobile,1000_to_2499,20,1,95.35,false,0.515
2026-03-15T09:21:00Z,debit_purchase,web,25_to_99,9,2,370.77,false,0.174
2026-03-15T16:40:00Z,internal_transfer,branch_assisted,2500_plus,16,3,16.52,false,0.123
2026-03-15T07:58:00Z,debit_purchase,web,25_to_99,7,1,48.87,false,0.385
2026-03-16T08:17:00Z,external_transfer,mobile,1000_to_2499,8,0,50.94,false,0.343
2026-03-16T14:09:00Z,debit_purchase,web,under_25,14,1,51.26,false,0.125
2026-03-16T18:44:00Z,internal_transfer,mobile,100_to_499,18,3,19.85,true,0.324
2026-03-16T11:26:00Z,external_transfer,branch_assisted,500_to_999,11,4,76.83,false,0.245
2026-03-17T18:38:00Z,external_transfer,web,2500_plus,18,2,323.23,false,0.309
2026-03-17T22:49:00Z,debit_purchase,mobile,25_to_99,22,2,82.68,false,0.041
2026-03-17T18:00:00Z,debit_purchase,atm,under_25,18,1,66.36,false,0.070
2026-03-17T21:20:00Z,debit_purchase,mobile,100_to_499,21,3,182.87,false,0.344
2026-03-18T15:20:00Z,debit_purchase,atm,100_to_499,15,3,58.79,false,0.194
2026-03-18T14:28:00Z,debit_purchase,mobile,under_25,14,4,22.86,false,0.152
2026-03-18T13:52:00Z,internal_transfer,mobile,100_to_499,13,3,23.08,false,0.094
2026-03-18T15:52:00Z,external_transfer,mobile,1000_to_2499,15,1,83.28,false,0.150
2026-03-19T23:05:00Z,debit_purchase,web,25_to_99,23,2,180.33,false,0.245
2026-03-19T14:18:00Z,external_transfer,mobile,500_to_999,14,3,58.47,false,0.326
2026-03-19T15:33:00Z,internal_transfer,mobile,500_to_999,15,0,135.89,false,0.113
2026-03-19T13:15:00Z,external_transfer,branch_assisted,500_to_999,13,3,44.22,false,0.179
2026-03-20T16:37:00Z,debit_purchase,mobile,25_to_99,16,1,20.26,false,0.159
2026-03-20T06:58:00Z,atm_withdrawal,atm,25_to_99,6,2,127.98,false,0.187
2026-03-20T15:51:00Z,debit_purchase,mobile,25_to_99,15,2,149.19,false,0.170
2026-03-20T12:25:00Z,internal_transfer,web,500_to_999,12,1,29.77,false,0.133
2026-03-21T17:45:00Z,debit_purchase,mobile,under_25,17,3,60.46,false,0.157
2026-03-21T13:29:00Z,bill_payment,web,100_to_499,13,2,117.07,false,0.219
2026-03-21T20:22:00Z,debit_purchase,atm,25_to_99,20,1,16.02,false,0.039
2026-03-21T17:24:00Z,debit_purchase,mobile,25_to_99,17,4,39.52,true,0.598
2026-03-22T16:40:00Z,atm_withdrawal,atm,100_to_499,16,3,12.10,false,0.119
2026-03-22T13:01:00Z,internal_transfer,branch_assisted,25_to_99,13,0,18.88,true,0.282
2026-03-22T01:52:00Z,bill_payment,mobile,25_to_99,1,3,57.08,false,0.138
2026-03-22T07:46:00Z,external_transfer,branch_assisted,100_to_499,7,4,102.96,false,0.077
2026-03-23T14:19:00Z,internal_transfer,web,25_to_99,14,1,128.00,false,0.243
2026-03-23T12:04:00Z,debit_purchase,mobile,25_to_99,12,0,136.32,true,0.350
2026-03-23T14:26:00Z,internal_transfer,branch_assisted,100_to_499,14,3,57.13,false,0.322
2026-03-23T16:51:00Z,debit_purchase,atm,under_25,16,0,147.65,false,0.248
2026-03-24T17:15:00Z,debit_purchase,mobile,100_to_499,17,6,179.92,false,0.194
2026-03-24T13:53:00Z,bill_payment,mobile,100_to_499,13,2,574.19,false,0.069
2026-03-24T12:30:00Z,bill_payment,mobile,100_to_499,12,2,40.22,false,0.429
2026-03-24T10:39:00Z,external_transfer,branch_assisted,2500_plus,10,2,200.76,false,0.177
2026-03-25T15:07:00Z,internal_transfer,web,500_to_999,15,5,72.50,false,0.188
2026-03-25T15:51:00Z,deposit,branch_assisted,100_to_499,15,1,206.43,false,0.228
2026-03-25T20:44:00Z,internal_transfer,web,1000_to_2499,20,6,25.64,false,0.079
2026-03-25T13:14:00Z,external_transfer,branch_assisted,100_to_499,13,3,196.64,false,0.134
2026-03-26T07:12:00Z,debit_purchase,mobile,under_25,7,3,14.97,false,0.120
2026-03-26T09:29:00Z,atm_withdrawal,atm,25_to_99,9,0,39.55,false,0.144
2026-03-26T13:47:00Z,deposit,atm,100_to_499,13,2,249.84,false,0.176
2026-03-26T19:33:00Z,debit_purchase,mobile,25_to_99,19,2,30.10,false,0.273
2026-03-27T17:58:00Z,atm_withdrawal,atm,100_to_499,17,4,10.08,false,0.178
2026-03-27T14:19:00Z,atm_withdrawal,atm,100_to_499,14,3,88.93,false,0.034
2026-03-27T13:45:00Z,debit_purchase,atm,under_25,13,1,41.42,false,0.420
2026-03-27T18:39:00Z,deposit,atm,100_to_499,18,2,132.38,false,0.359
2026-03-28T15:55:00Z,debit_purchase,atm,25_to_99,15,3,10.39,false,0.312
2026-03-28T06:48:00Z,bill_payment,mobile,500_to_999,6,0,66.15,false,0.048
2026-03-28T11:01:00Z,internal_transfer,branch_assisted,100_to_499,11,1,181.89,false,0.430
2026-03-28T09:44:00Z,bill_payment,web,500_to_999,9,2,33.69,false,0.395
2026-03-29T14:01:00Z,external_transfer,mobile,500_to_999,14,4,16.31,false,0.077
2026-03-29T17:08:00Z,internal_transfer,mobile,25_to_99,17,2,61.50,false,0.102
2026-03-29T12:28:00Z,debit_purchase,atm,25_to_99,12,1,144.63,false,0.179
2026-03-29T14:11:00Z,external_transfer,mobile,100_to_499,14,4,31.27,false,0.270
2026-03-30T17:10:00Z,deposit,branch_assisted,500_to_999,17,1,36.24,false,0.396
2026-03-30T15:09:00Z,debit_purchase,atm,under_25,15,1,126.03,false,0.217
2026-03-30T17:31:00Z,debit_purchase,web,under_25,17,4,25.14,true,0.319
2026-03-30T11:46:00Z,atm_withdrawal,atm,25_to_99,11,3,71.03,false,0.195
2026-03-31T14:56:00Z,bill_payment,web,100_to_499,14,2,112.20,false,0.368
2026-03-31T16:16:00Z,deposit,branch_assisted,25_to_99,16,1,44.83,false,0.379
2026-03-31T17:27:00Z,atm_withdrawal,atm,100_to_499,17,0,49.99,false,0.318
2026-03-31T15:25:00Z,atm_withdrawal,atm,25_to_99,15,1,61.73,false,0.194
2026-04-01T07:25:00Z,debit_purchase,atm,25_to_99,7,3,38.99,false,0.537
2026-04-01T10:02:00Z,bill_payment,web,1000_to_2499,10,2,85.72,false,0.222
2026-04-01T15:03:00Z,bill_payment,branch_assisted,500_to_999,15,1,137.65,false,0.211
2026-04-01T18:05:00Z,debit_purchase,atm,under_25,18,1,96.20,false,0.178
2026-04-02T15:59:00Z,deposit,mobile,1000_to_2499,15,3,167.57,false,0.168
2026-04-02T12:52:00Z,atm_withdrawal,atm,100_to_499,12,5,686.50,false,0.165
2026-04-02T17:08:00Z,debit_purchase,mobile,under_25,17,1,111.62,false,0.145
2026-04-02T17:48:00Z,debit_purchase,mobile,under_25,17,3,50.59,false,0.066
2026-04-03T17:02:00Z,debit_purchase,web,25_to_99,17,3,173.51,false,0.069
2026-04-03T07:23:00Z,internal_transfer,mobile,100_to_499,7,3,10.64,true,0.263
2026-04-03T13:29:00Z,bill_payment,web,1000_to_2499,13,1,56.71,false,0.166
2026-04-03T11:21:00Z,bill_payment,web,100_to_499,11,2,151.63,false,0.037
2026-04-04T14:33:00Z,internal_transfer,mobile,500_to_999,14,1,255.84,false,0.174
2026-04-04T10:15:00Z,external_transfer,web,500_to_999,10,3,53.92,false,0.376
2026-04-04T16:13:00Z,deposit,atm,100_to_499,16,2,39.31,false,0.227
2026-04-04T12:22:00Z,internal_transfer,web,1000_to_2499,12,1,268.72,false,0.147
2026-04-05T15:05:00Z,debit_purchase,mobile,under_25,15,0,317.32,false,0.110
2026-04-05T18:46:00Z,external_transfer,web,2500_plus,18,3,30.94,false,0.234
2026-04-05T17:54:00Z,external_transfer,branch_assisted,500_to_999,17,3,204.05,false,0.208
2026-04-05T13:17:00Z,debit_purchase,web,25_to_99,13,4,28.54,false,0.063
2026-04-06T22:54:00Z,debit_purchase,mobile,under_25,22,3,28.36,false,0.439
2026-04-06T13:12:00Z,bill_payment,branch_assisted,500_to_999,13,2,69.37,false,0.076
2026-04-06T08:23:00Z,debit_purchase,web,25_to_99,8,2,8.11,false,0.110
2026-04-06T11:51:00Z,debit_purchase,atm,under_25,11,1,67.05,false,0.459
2026-04-07T12:19:00Z,atm_withdrawal,atm,100_to_499,12,3,36.30,false,0.119
2026-04-07T13:26:00Z,atm_withdrawal,atm,25_to_99,13,3,80.06,false,0.294
2026-04-07T10:22:00Z,internal_transfer,branch_assisted,1000_to_2499,10,2,10.78,false,0.263
2026-04-07T19:59:00Z,internal_transfer,branch_assisted,100_to_499,19,1,218.96,false,0.209
2026-04-08T11:08:00Z,deposit,atm,25_to_99,11,2,102.11,false,0.300
2026-04-08T16:45:00Z,internal_transfer,web,500_to_999,16,0,74.00,true,0.174
2026-04-08T22:30:00Z,debit_purchase,web,25_to_99,22,2,49.96,false,0.398
2026-04-08T14:57:00Z,debit_purchase,atm,25_to_99,14,0,84.65,false,0.262
2026-04-09T08:50:00Z,debit_purchase,atm,25_to_99,8,1,33.77,false,0.260
2026-04-09T19:05:00Z,internal_transfer,mobile,100_to_499,19,2,41.01,false,0.034
2026-04-09T19:10:00Z,bill_payment,mobile,100_to_499,19,0,57.67,false,0.039
2026-04-09T18:41:00Z,debit_purchase,atm,25_to_99,18,3,35.27,false,0.271
2026-04-10T17:17:00Z,internal_transfer,web,100_to_499,17,3,315.70,false,0.318
2026-04-10T09:07:00Z,atm_withdrawal,atm,100_to_499,9,3,18.62,false,0.133
2026-04-10T14:35:00Z,debit_purchase,mobile,under_25,14,4,34.81,false,0.063
2026-04-10T15:58:00Z,bill_payment,web,100_to_499,15,3,36.09,false,0.164
2026-04-11T12:31:00Z,bill_payment,mobile,500_to_999,12,2,56.01,false,0.317
2026-04-11T23:13:00Z,debit_purchase,web,100_to_499,23,1,77.60,false,0.087
2026-04-11T16:11:00Z,debit_purchase,mobile,25_to_99,16,0,72.34,false,0.288
2026-04-11T10:33:00Z,debit_purchase,atm,500_to_999,10,1,34.02,false,0.297
2026-04-12T13:25:00Z,debit_purchase,web,under_25,13,3,47.06,false,0.063
2026-04-12T13:59:00Z,bill_payment,branch_assisted,500_to_999,13,2,297.10,false,0.271
2026-04-12T21:15:00Z,debit_purchase,atm,25_to_99,21,1,42.43,false,0.063
2026-04-12T17:16:00Z,debit_purchase,web,25_to_99,17,3,15.87,false,0.103
2026-04-13T15:43:00Z,debit_purchase,atm,500_to_999,15,4,36.83,false,0.059
2026-04-13T08:22:00Z,deposit,atm,2500_plus,8,2,49.08,false,0.201
2026-04-13T14:58:00Z,atm_withdrawal,atm,under_25,14,3,18.30,false,0.102
2026-04-13T13:41:00Z,internal_transfer,web,500_to_999,13,1,118.31,false,0.115
2026-04-14T21:46:00Z,debit_purchase,mobile,under_25,21,5,63.98,true,0.165
2026-04-14T13:09:00Z,debit_purchase,atm,25_to_99,13,4,38.69,false,0.494
2026-04-14T20:56:00Z,debit_purchase,web,25_to_99,20,2,100.13,false,0.058
2026-04-14T20:32:00Z,bill_payment,mobile,500_to_999,20,0,78.94,false,0.452
2026-04-15T15:25:00Z,external_transfer,branch_assisted,1000_to_2499,15,3,100.43,false,0.203
2026-04-15T13:32:00Z,external_transfer,mobile,100_to_499,13,3,21.89,false,0.718
2026-04-15T03:38:00Z,deposit,branch_assisted,25_to_99,3,3,83.23,false,0.275
2026-04-15T13:48:00Z,deposit,atm,100_to_499,13,2,85.47,false,0.144
2026-04-16T17:09:00Z,deposit,mobile,1000_to_2499,17,0,58.47,false,0.295
2026-04-16T11:25:00Z,debit_purchase,web,25_to_99,11,0,136.34,false,0.342
2026-04-16T18:13:00Z,debit_purchase,mobile,25_to_99,18,3,59.11,false,0.149
2026-04-16T10:01:00Z,bill_payment,web,500_to_999,10,3,74.09,false,0.249
2026-04-17T18:55:00Z,debit_purchase,mobile,25_to_99,18,2,24.30,false,0.375
2026-04-17T14:38:00Z,external_transfer,branch_assisted,100_to_499,14,2,94.37,false,0.476
2026-04-17T13:40:00Z,debit_purchase,web,100_to_499,13,1,74.67,false,0.272
2026-04-17T19:50:00Z,external_transfer,branch_assisted,500_to_999,19,2,222.73,false,0.248
2026-04-18T20:46:00Z,bill_payment,mobile,100_to_499,20,4,43.34,false,0.285
2026-04-18T17:58:00Z,internal_transfer,mobile,1000_to_2499,17,1,85.09,false,0.554
2026-04-18T11:32:00Z,atm_withdrawal,atm,25_to_99,11,1,200.14,true,0.255
2026-04-18T18:08:00Z,internal_transfer,branch_assisted,25_to_99,18,1,46.06,false,0.187
2026-04-19T14:02:00Z,bill_payment,web,25_to_99,14,2,89.27,false,0.304
2026-04-19T10:50:00Z,external_transfer,branch_assisted,100_to_499,10,0,72.59,false,0.116
2026-04-19T12:07:00Z,internal_transfer,branch_assisted,25_to_99,12,2,44.51,false,0.386
2026-04-19T06:30:00Z,debit_purchase,atm,under_25,6,1,107.59,false,0.217
2026-04-20T17:43:00Z,deposit,atm,100_to_499,17,0,56.99,false,0.187
2026-04-20T10:42:00Z,debit_purchase,atm,100_to_499,10,1,87.99,false,0.046
2026-04-20T15:28:00Z,bill_payment,mobile,500_to_999,15,2,88.76,false,0.159
2026-04-20T17:34:00Z,bill_payment,mobile,100_to_499,17,4,201.09,false,0.194
2026-04-21T18:26:00Z,atm_withdrawal,atm,25_to_99,18,4,38.81,false,0.256
2026-04-21T13:14:00Z,internal_transfer,web,500_to_999,13,1,59.09,false,0.052
2026-04-21T18:22:00Z,debit_purchase,atm,25_to_99,18,0,12.59,false,0.430
2026-04-21T15:56:00Z,internal_transfer,web,100_to_499,15,1,553.74,false,0.274
2026-04-22T06:02:00Z,bill_payment,mobile,100_to_499,6,2,103.42,false,0.191
2026-04-22T06:42:00Z,internal_transfer,web,500_to_999,6,2,29.96,false,0.305
2026-04-22T17:30:00Z,debit_purchase,web,25_to_99,17,3,54.57,false,0.216
2026-04-22T14:18:00Z,internal_transfer,branch_assisted,500_to_999,14,4,35.94,false,0.132
2026-04-23T13:19:00Z,debit_purchase,web,100_to_499,13,5,129.77,false,0.253
2026-04-23T13:06:00Z,debit_purchase,web,25_to_99,13,1,51.96,false,0.300
2026-04-23T07:42:00Z,bill_payment,branch_assisted,1000_to_2499,7,1,404.96,false,0.110
2026-04-23T07:31:00Z,atm_withdrawal,atm,100_to_499,7,0,20.50,false,0.012
2026-04-24T14:03:00Z,atm_withdrawal,atm,25_to_99,14,3,68.82,false,0.108
2026-04-24T18:54:00Z,bill_payment,web,100_to_499,18,4,53.46,false,0.271
2026-04-24T18:24:00Z,debit_purchase,web,25_to_99,18,1,213.88,false,0.474
2026-04-24T14:54:00Z,bill_payment,mobile,500_to_999,14,7,50.31,false,0.606
2026-04-25T11:20:00Z,bill_payment,web,100_to_499,11,0,136.57,false,0.090
2026-04-25T15:32:00Z,internal_transfer,mobile,2500_plus,15,0,299.35,false,0.206
2026-04-25T13:30:00Z,bill_payment,mobile,25_to_99,13,3,322.54,false,0.152
2026-04-25T11:58:00Z,debit_purchase,web,25_to_99,11,0,63.63,false,0.169
2026-04-26T13:10:00Z,debit_purchase,mobile,25_to_99,13,3,187.90,false,0.071
2026-04-26T09:21:00Z,internal_transfer,branch_assisted,1000_to_2499,9,2,124.89,true,0.384
2026-04-26T09:29:00Z,deposit,mobile,100_to_499,9,1,1333.91,false,0.351
2026-04-26T09:51:00Z,deposit,atm,1000_to_2499,9,0,155.43,false,0.022
2026-04-27T14:21:00Z,bill_payment,web,100_to_499,14,4,58.14,false,0.364
2026-04-27T17:59:00Z,debit_purchase,mobile,100_to_499,17,3,69.13,false,0.366
2026-04-27T17:25:00Z,bill_payment,web,100_to_499,17,2,282.51,false,0.061
2026-04-27T14:56:00Z,bill_payment,branch_assisted,100_to_499,14,0,48.47,false,0.375
2026-04-28T14:03:00Z,external_transfer,branch_assisted,1000_to_2499,14,2,257.39,false,0.092
2026-04-28T19:58:00Z,internal_transfer,branch_assisted,100_to_499,19,2,24.24,false,0.061
2026-04-28T14:27:00Z,bill_payment,branch_assisted,500_to_999,14,3,22.59,false,0.385
2026-04-28T07:12:00Z,external_transfer,branch_assisted,500_to_999,7,1,204.37,false,0.219
2026-04-29T11:06:00Z,deposit,branch_assisted,500_to_999,11,1,54.49,false,0.025
2026-04-29T18:24:00Z,debit_purchase,mobile,25_to_99,18,2,6.23,false,0.249
2026-04-29T08:25:00Z,deposit,branch_assisted,500_to_999,8,2,35.31,false,0.306
2026-04-29T22:31:00Z,debit_purchase,mobile,500_to_999,22,3,25.66,true,0.424
2026-04-30T11:18:00Z,internal_transfer,mobile,500_to_999,11,3,47.08,false,0.038
2026-04-30T16:32:00Z,bill_payment,branch_assisted,500_to_999,16,2,267.92,false,0.241
2026-04-30T11:09:00Z,atm_withdrawal,atm,25_to_99,11,3,46.12,false,0.123
2026-04-30T13:22:00Z,external_transfer,mobile,100_to_499,13,4,14.31,false,0.120
2026-05-01T13:24:00Z,internal_transfer,web,500_to_999,13,4,79.89,false,0.296
2026-05-01T09:40:00Z,debit_purchase,web,25_to_99,9,5,24.81,false,0.091
2026-05-01T17:26:00Z,debit_purchase,atm,100_to_499,17,3,28.78,false,0.309
2026-05-01T16:15:00Z,debit_purchase,mobile,under_25,16,1,44.11,false,0.079
2026-05-02T13:44:00Z,bill_payment,mobile,500_to_999,13,3,66.65,false,0.156
2026-05-02T07:42:00Z,deposit,atm,1000_to_2499,7,3,60.57,false,0.058
2026-05-02T21:44:00Z,internal_transfer,mobile,25_to_99,21,2,63.01,false,0.075
2026-05-02T18:37:00Z,debit_purchase,atm,under_25,18,4,68.64,false,0.155
2026-05-03T08:05:00Z,debit_purchase,atm,100_to_499,8,0,148.59,false,0.386
2026-05-03T16:52:00Z,debit_purchase,web,25_to_99,16,4,23.95,false,0.313
2026-05-03T12:08:00Z,external_transfer,web,500_to_999,12,1,370.41,false,0.305
2026-05-03T08:29:00Z,external_transfer,branch_assisted,100_to_499,8,1,426.74,false,0.182
2026-05-04T11:09:00Z,bill_payment,web,500_to_999,11,4,20.40,false,0.528
2026-05-04T13:25:00Z,debit_purchase,mobile,under_25,13,3,94.61,false,0.085
2026-05-04T13:44:00Z,atm_withdrawal,atm,25_to_99,13,2,167.18,false,0.357
2026-05-04T16:19:00Z,debit_purchase,atm,100_to_499,16,2,32.82,false,0.173
2026-05-05T16:57:00Z,internal_transfer,branch_assisted,100_to_499,16,3,45.64,false,0.149
2026-05-05T21:10:00Z,atm_withdrawal,atm,100_to_499,21,1,183.91,false,0.232
2026-05-05T15:58:00Z,external_transfer,branch_assisted,500_to_999,15,2,34.11,false,0.302
2026-05-05T12:00:00Z,debit_purchase,atm,under_25,12,3,76.69,false,0.165
2026-05-06T18:12:00Z,internal_transfer,web,2500_plus,18,3,58.35,false,0.425
2026-05-06T16:19:00Z,bill_payment,branch_assisted,500_to_999,16,3,213.66,false,0.079
2026-05-06T15:23:00Z,debit_purchase,mobile,under_25,15,4,72.60,false,0.117
2026-05-06T18:05:00Z,atm_withdrawal,atm,100_to_499,18,4,31.31,false,0.324
2026-05-07T19:10:00Z,debit_purchase,web,25_to_99,19,0,109.33,false,0.193
2026-05-07T15:46:00Z,internal_transfer,web,2500_plus,15,2,72.49,false,0.392
2026-05-07T10:00:00Z,atm_withdrawal,atm,25_to_99,10,3,13.13,false,0.169
2026-05-07T12:53:00Z,internal_transfer,mobile,2500_plus,12,1,59.03,false,0.124
2026-05-08T17:23:00Z,deposit,atm,25_to_99,17,1,129.41,false,0.194
2026-05-08T10:12:00Z,bill_payment,mobile,500_to_999,10,2,110.88,false,0.313
2026-05-08T07:07:00Z,atm_withdrawal,atm,under_25,7,1,19.15,false,0.166
2026-05-08T16:13:00Z,debit_purchase,atm,under_25,16,4,30.55,true,0.186
2026-05-09T17:19:00Z,bill_payment,mobile,100_to_499,17,1,38.29,false,0.249
2026-05-09T12:13:00Z,debit_purchase,mobile,25_to_99,12,4,81.66,false,0.224
2026-05-09T18:18:00Z,bill_payment,branch_assisted,100_to_499,18,2,44.80,false,0.292
2026-05-09T15:13:00Z,debit_purchase,web,25_to_99,15,3,79.08,false,0.131
2026-05-10T09:11:00Z,internal_transfer,mobile,500_to_999,9,1,41.37,false,0.211
2026-05-10T16:06:00Z,internal_transfer,mobile,1000_to_2499,16,1,16.99,false,0.282
2026-05-10T15:21:00Z,atm_withdrawal,atm,100_to_499,15,3,43.30,false,0.140
2026-05-10T21:45:00Z,debit_purchase,web,25_to_99,21,3,15.29,false,0.177
2026-05-11T15:09:00Z,bill_payment,mobile,100_to_499,15,1,59.31,false,0.055
2026-05-11T20:41:00Z,debit_purchase,atm,500_to_999,20,4,129.33,false,0.273
2026-05-11T06:57:00Z,internal_transfer,web,500_to_999,6,4,21.54,false,0.418
2026-05-11T10:38:00Z,atm_withdrawal,atm,25_to_99,10,3,432.18,false,0.239
2026-05-12T15:15:00Z,bill_payment,branch_assisted,500_to_999,15,2,62.46,false,0.142
2026-05-12T14:26:00Z,bill_payment,branch_assisted,500_to_999,14,4,58.65,false,0.107
2026-05-12T19:03:00Z,internal_transfer,web,100_to_499,19,2,50.97,false,0.135
2026-05-12T11:15:00Z,debit_purchase,web,500_to_999,11,3,70.84,false,0.340
2026-05-13T12:08:00Z,bill_payment,web,500_to_999,12,0,64.75,true,0.222
2026-05-13T12:21:00Z,debit_purchase,mobile,under_25,12,0,42.67,false,0.511
2026-05-13T23:15:00Z,debit_purchase,web,under_25,23,3,91.41,false,0.179
2026-05-13T08:17:00Z,bill_payment,web,25_to_99,8,3,34.34,false,0.234
2026-05-14T21:15:00Z,bill_payment,web,100_to_499,21,1,49.38,false,0.430
2026-05-14T12:12:00Z,debit_purchase,mobile,under_25,12,0,34.06,true,0.395
2026-05-14T11:59:00Z,bill_payment,mobile,100_to_499,11,0,351.66,false,0.132
2026-05-14T09:27:00Z,bill_payment,branch_assisted,100_to_499,9,4,63.19,false,0.475
2026-05-15T15:55:00Z,debit_purchase,web,25_to_99,15,1,92.84,false,0.157
2026-05-15T21:17:00Z,atm_withdrawal,atm,100_to_499,21,3,72.03,true,0.221
2026-05-15T15:44:00Z,internal_transfer,web,100_to_499,15,1,219.39,false,0.076
2026-05-15T10:45:00Z,internal_transfer,branch_assisted,100_to_499,10,1,132.32,false,0.182
2026-05-16T20:06:00Z,debit_purchase,web,under_25,20,1,29.84,false,0.317
2026-05-16T12:13:00Z,bill_payment,branch_assisted,100_to_499,12,0,54.85,false,0.207
2026-05-16T13:39:00Z,debit_purchase,web,25_to_99,13,2,12.65,false,0.448
2026-05-16T16:22:00Z,debit_purchase,mobile,25_to_99,16,1,17.68,false,0.358
2026-05-17T10:53:00Z,deposit,mobile,100_to_499,10,3,483.48,false,0.439
2026-05-17T22:16:00Z,debit_purchase,atm,under_25,22,2,262.58,false,0.152
2026-05-17T16:07:00Z,debit_purchase,mobile,25_to_99,16,2,104.88,false,0.392
2026-05-17T14:36:00Z,deposit,atm,1000_to_2499,14,0,29.71,false,0.560
2026-05-18T15:27:00Z,debit_purchase,mobile,25_to_99,15,3,43.07,false,0.259
2026-05-18T17:04:00Z,bill_payment,web,100_to_499,17,2,98.45,false,0.131
2026-05-18T11:27:00Z,debit_purchase,atm,25_to_99,11,0,211.71,false,0.192
2026-05-18T07:54:00Z,external_transfer,branch_assisted,100_to_499,7,4,65.21,false,0.144
2026-05-19T02:51:00Z,deposit,atm,500_to_999,2,0,30.56,false,0.306
2026-05-19T10:53:00Z,external_transfer,branch_assisted,1000_to_2499,10,4,88.26,false,0.037
2026-05-19T23:56:00Z,atm_withdrawal,atm,under_25,23,2,35.14,false,0.134
2026-05-19T19:18:00Z,atm_withdrawal,atm,100_to_499,19,5,36.17,false,0.092
2026-05-20T15:33:00Z,debit_purchase,mobile,25_to_99,15,2,16.39,false,0.478
2026-05-20T09:35:00Z,deposit,atm,25_to_99,9,2,193.72,false,0.529
2026-05-20T14:14:00Z,external_transfer,mobile,1000_to_2499,14,1,182.03,false,0.081
2026-05-20T18:55:00Z,internal_transfer,mobile,1000_to_2499,18,4,35.24,false,0.179
2026-05-21T10:47:00Z,external_transfer,mobile,1000_to_2499,10,2,31.68,false,0.353
2026-05-21T10:02:00Z,debit_purchase,atm,25_to_99,10,1,86.80,false,0.114
2026-05-21T15:27:00Z,bill_payment,branch_assisted,100_to_499,15,1,56.54,false,0.214
2026-05-21T13:50:00Z,internal_transfer,mobile,100_to_499,13,3,30.21,false,0.198
2026-05-22T07:53:00Z,bill_payment,branch_assisted,100_to_499,7,2,71.22,false,0.082
2026-05-22T13:07:00Z,bill_payment,web,500_to_999,13,3,64.75,false,0.123
2026-05-22T15:28:00Z,debit_purchase,mobile,25_to_99,15,0,219.30,false,0.228
2026-05-22T22:53:00Z,internal_transfer,branch_assisted,100_to_499,22,4,75.81,false,0.171
2026-05-23T03:37:00Z,deposit,branch_assisted,25_to_99,3,1,120.62,false,0.300
2026-05-23T08:15:00Z,deposit,branch_assisted,500_to_999,8,3,65.46,false,0.067
2026-05-23T14:26:00Z,internal_transfer,branch_assisted,100_to_499,14,2,215.86,false,0.325
2026-05-23T13:12:00Z,external_transfer,mobile,1000_to_2499,13,3,164.62,false,0.170
2026-05-24T10:48:00Z,bill_payment,web,25_to_99,10,1,139.49,false,0.139
2026-05-24T22:11:00Z,atm_withdrawal,atm,25_to_99,22,2,250.18,false,0.231
2026-05-24T20:26:00Z,debit_purchase,web,under_25,20,3,221.76,false,0.159
2026-05-24T17:07:00Z,bill_payment,web,500_to_999,17,2,106.93,false,0.081
2026-05-25T15:40:00Z,external_transfer,mobile,500_to_999,15,3,23.94,false,0.205
2026-05-25T09:28:00Z,deposit,atm,100_to_499,9,3,13.20,false,0.369
2026-05-25T16:28:00Z,debit_purchase,mobile,25_to_99,16,1,33.85,false,0.077
2026-05-25T02:29:00Z,external_transfer,mobile,500_to_999,2,2,52.61,true,0.164
2026-05-26T23:55:00Z,atm_withdrawal,atm,25_to_99,23,1,49.04,false,0.414
2026-05-26T16:11:00Z,internal_transfer,mobile,25_to_99,16,4,52.17,false,0.167
2026-05-26T06:07:00Z,deposit,branch_assisted,1000_to_2499,6,2,85.51,false,0.052
2026-05-26T20:44:00Z,atm_withdrawal,atm,25_to_99,20,1,267.27,true,0.307
2026-05-27T15:25:00Z,bill_payment,mobile,500_to_999,15,4,25.92,false,0.137
2026-05-27T13:08:00Z,atm_withdrawal,atm,100_to_499,13,2,60.32,true,0.313
2026-05-27T15:39:00Z,internal_transfer,web,1000_to_2499,15,4,33.90,false,0.250
2026-05-27T15:45:00Z,debit_purchase,web,under_25,15,2,33.75,false,0.284
2026-05-28T14:58:00Z,debit_purchase,web,25_to_99,14,0,216.21,false,0.198
2026-05-28T06:50:00Z,atm_withdrawal,atm,under_25,6,2,129.01,false,0.276
2026-05-28T06:33:00Z,bill_payment,branch_assisted,100_to_499,6,3,111.58,false,0.101
2026-05-28T15:14:00Z,debit_purchase,atm,100_to_499,15,4,65.38,false,0.143
2026-05-29T14:32:00Z,debit_purchase,atm,under_25,14,0,29.46,false,0.105
2026-05-29T15:25:00Z,debit_purchase,mobile,25_to_99,15,3,271.02,false,0.211
2026-05-29T23:05:00Z,debit_purchase,atm,under_25,23,1,42.74,true,0.291
2026-05-29T10:05:00Z,debit_purchase,mobile,25_to_99,10,5,157.05,false,0.255
2026-05-30T19:53:00Z,debit_purchase,mobile,25_to_99,19,2,17.46,false,0.229
2026-05-30T10:03:00Z,debit_purchase,mobile,25_to_99,10,3,136.72,false,0.374
2026-05-30T15:42:00Z,bill_payment,mobile,100_to_499,15,0,77.50,false,0.319
2026-05-30T14:47:00Z,debit_purchase,mobile,25_to_99,14,0,56.33,false,0.141
2026-05-31T06:16:00Z,external_transfer,web,2500_plus,6,1,305.46,true,0.173
2026-05-31T11:19:00Z,debit_purchase,web,under_25,11,3,33.72,false,0.286
2026-05-31T05:27:00Z,external_transfer,web,1000_to_2499,5,2,114.46,false,0.125
2026-05-31T14:05:00Z,debit_purchase,mobile,25_to_99,14,0,102.64,false,0.371
2026-06-01T14:33:00Z,debit_purchase,web,100_to_499,14,4,102.54,false,0.095
2026-06-01T14:51:00Z,debit_purchase,web,25_to_99,14,1,63.53,false,0.189
2026-06-01T09:50:00Z,debit_purchase,mobile,100_to_499,9,0,217.15,false,0.195
2026-06-01T21:17:00Z,debit_purchase,web,25_to_99,21,2,16.71,false,0.116
2026-06-02T11:02:00Z,internal_transfer,mobile,100_to_499,11,3,120.52,false,0.282
2026-06-02T22:33:00Z,atm_withdrawal,atm,25_to_99,22,0,81.00,true,0.375
2026-06-02T14:07:00Z,internal_transfer,branch_assisted,500_to_999,14,2,15.07,false,0.159
2026-06-02T16:13:00Z,debit_purchase,atm,100_to_499,16,0,99.99,false,0.037
2026-06-03T18:55:00Z,debit_purchase,atm,under_25,18,1,221.82,false,0.318
2026-06-03T12:55:00Z,debit_purchase,mobile,under_25,12,2,194.37,false,0.346
2026-06-03T12:59:00Z,bill_payment,mobile,500_to_999,12,3,32.72,false,0.079
2026-06-03T14:07:00Z,bill_payment,web,100_to_499,14,2,67.74,false,0.156
2026-06-04T14:22:00Z,internal_transfer,web,1000_to_2499,14,2,84.07,true,0.490
2026-06-04T11:37:00Z,debit_purchase,mobile,25_to_99,11,4,18.98,false,0.245
2026-06-04T12:41:00Z,debit_purchase,mobile,25_to_99,12,1,165.74,false,0.191
2026-06-04T12:49:00Z,deposit,mobile,100_to_499,12,3,33.88,false,0.289
2026-06-05T06:12:00Z,deposit,branch_assisted,100_to_499,6,3,34.86,false,0.099
2026-06-05T16:11:00Z,debit_purchase,atm,25_to_99,16,2,26.40,false,0.204
2026-06-05T10:04:00Z,bill_payment,mobile,100_to_499,10,2,102.41,false,0.242
2026-06-05T20:24:00Z,atm_withdrawal,atm,25_to_99,20,2,176.01,false,0.181
2026-06-06T17:41:00Z,debit_purchase,atm,25_to_99,17,4,64.87,false,0.276
2026-06-06T17:59:00Z,debit_purchase,atm,100_to_499,17,1,98.25,false,0.501
2026-06-06T18:56:00Z,debit_purchase,atm,100_to_499,18,2,698.84,false,0.203
2026-06-06T21:40:00Z,debit_purchase,mobile,25_to_99,21,2,93.09,false,0.184
2026-06-07T14:24:00Z,external_transfer,mobile,2500_plus,14,3,168.15,false,0.637
2026-06-07T13:38:00Z,bill_payment,web,100_to_499,13,3,41.99,false,0.118
2026-06-07T18:23:00Z,internal_transfer,branch_assisted,500_to_999,18,0,73.79,false,0.157
2026-06-07T14:50:00Z,debit_purchase,mobile,under_25,14,4,115.69,false,0.440
2026-06-08T13:03:00Z,deposit,atm,100_to_499,13,1,43.25,false,0.205
2026-06-08T17:31:00Z,external_transfer,branch_assisted,500_to_999,17,2,193.67,false,0.247
2026-06-08T05:56:00Z,deposit,atm,1000_to_2499,5,1,85.02,false,0.052
2026-06-08T12:42:00Z,external_transfer,mobile,500_to_999,12,2,74.34,false,0.300
2026-06-09T15:16:00Z,debit_purchase,web,100_to_499,15,2,43.12,true,0.431
2026-06-09T11:20:00Z,debit_purchase,atm,100_to_499,11,2,140.85,false,0.195
2026-06-09T23:33:00Z,debit_purchase,web,under_25,23,2,38.31,false,0.341
2026-06-09T16:42:00Z,internal_transfer,web,500_to_999,16,1,71.59,false,0.218
2026-06-10T17:48:00Z,atm_withdrawal,atm,25_to_99,17,1,65.99,false,0.352
2026-06-10T15:50:00Z,internal_transfer,mobile,1000_to_2499,15,1,47.78,false,0.215
2026-06-10T20:54:00Z,debit_purchase,atm,under_25,20,0,715.06,false,0.072
2026-06-10T08:00:00Z,bill_payment,branch_assisted,25_to_99,8,2,98.57,false,0.111
2026-06-11T17:06:00Z,debit_purchase,atm,under_25,17,3,26.59,false,0.181
2026-06-11T14:06:00Z,external_transfer,web,100_to_499,14,2,96.09,false,0.271
2026-06-11T11:48:00Z,external_transfer,branch_assisted,1000_to_2499,11,3,42.13,false,0.398
2026-06-11T17:34:00Z,debit_purchase,atm,under_25,17,2,163.21,false,0.096
2026-06-12T12:40:00Z,debit_purchase,web,25_to_99,12,3,81.71,false,0.254
2026-06-12T09:12:00Z,bill_payment,mobile,500_to_999,9,2,73.24,false,0.229
2026-06-12T11:07:00Z,external_transfer,web,500_to_999,11,1,6.91,true,0.471
2026-06-12T12:30:00Z,debit_purchase,mobile,100_to_499,12,1,27.99,false,0.201
2026-06-13T17:42:00Z,debit_purchase,web,25_to_99,17,2,24.42,false,0.279
2026-06-13T15:21:00Z,internal_transfer,mobile,1000_to_2499,15,3,143.14,false,0.195
2026-06-13T17:52:00Z,debit_purchase,web,25_to_99,17,0,159.12,false,0.123
2026-06-13T12:30:00Z,debit_purchase,atm,25_to_99,12,1,43.22,false,0.147
2026-06-14T14:06:00Z,bill_payment,branch_assisted,500_to_999,14,2,138.16,false,0.076
2026-06-14T20:17:00Z,debit_purchase,atm,500_to_999,20,2,75.74,true,0.226
2026-06-14T12:28:00Z,internal_transfer,mobile,100_to_499,12,2,45.05,false,0.259
2026-06-14T02:36:00Z,debit_purchase,atm,100_to_499,2,4,16.54,false,0.091
2026-06-15T14:29:00Z,debit_purchase,atm,25_to_99,14,0,187.87,false,0.240
2026-06-15T11:39:00Z,internal_transfer,web,1000_to_2499,11,1,159.19,true,0.271
2026-06-15T16:11:00Z,atm_withdrawal,atm,25_to_99,16,2,59.41,false,0.276
2026-06-15T07:32:00Z,deposit,branch_assisted,100_to_499,7,2,76.93,false,0.510
2026-06-16T14:42:00Z,internal_transfer,web,1000_to_2499,14,3,57.01,false,0.122
2026-06-16T10:48:00Z,bill_payment,web,500_to_999,10,3,99.42,false,0.210
2026-06-16T09:59:00Z,external_transfer,mobile,1000_to_2499,9,4,90.66,false,0.243
2026-06-16T20:04:00Z,internal_transfer,web,500_to_999,20,1,50.80,false,0.053
2026-06-17T19:01:00Z,deposit,branch_assisted,under_25,19,3,129.85,false,0.301
2026-06-17T22:59:00Z,debit_purchase,web,100_to_499,22,0,87.63,false,0.149
2026-06-17T15:23:00Z,bill_payment,mobile,25_to_99,15,2,508.64,false,0.273
2026-06-17T12:50:00Z,atm_withdrawal,atm,25_to_99,12,2,22.57,false,0.206
2026-06-18T04:07:00Z,debit_purchase,atm,25_to_99,4,1,73.25,false,0.136
2026-06-18T11:52:00Z,atm_withdrawal,atm,25_to_99,11,1,79.80,false,0.041
2026-06-18T15:36:00Z,atm_withdrawal,atm,100_to_499,15,1,147.00,false,0.195
2026-06-18T13:29:00Z,debit_purchase,mobile,under_25,13,4,182.06,false,0.503
2026-06-19T14:06:00Z,internal_transfer,web,100_to_499,14,2,23.81,true,0.159
2026-06-19T09:26:00Z,bill_payment,branch_assisted,100_to_499,9,4,56.92,false,0.194
2026-06-19T11:43:00Z,atm_withdrawal,atm,25_to_99,11,2,109.51,false,0.077
2026-06-19T15:45:00Z,debit_purchase,atm,25_to_99,15,3,288.85,false,0.393
2026-06-20T05:50:00Z,deposit,mobile,2500_plus,5,0,48.89,false,0.174
2026-06-20T11:21:00Z,external_transfer,branch_assisted,500_to_999,11,2,41.29,false,0.144
2026-06-20T13:20:00Z,debit_purchase,web,25_to_99,13,1,46.80,true,0.400
2026-06-20T14:51:00Z,debit_purchase,mobile,25_to_99,14,2,36.30,false,0.337
2026-06-21T16:55:00Z,internal_transfer,web,100_to_499,16,4,65.01,false,0.218
2026-06-21T14:43:00Z,bill_payment,web,100_to_499,14,2,52.16,false,0.236
2026-06-21T13:55:00Z,deposit,branch_assisted,under_25,13,0,174.69,false,0.388
2026-06-21T20:29:00Z,debit_purchase,atm,under_25,20,1,52.62,false,0.130
2026-06-22T15:12:00Z,debit_purchase,web,under_25,15,1,56.74,false,0.166
2026-06-22T17:12:00Z,debit_purchase,web,25_to_99,17,1,120.64,false,0.306
2026-06-22T05:05:00Z,deposit,mobile,500_to_999,5,0,53.77,false,0.333
2026-06-22T09:54:00Z,debit_purchase,mobile,100_to_499,9,4,85.36,false,0.070
2026-06-23T11:43:00Z,internal_transfer,web,2500_plus,11,2,92.06,false,0.288
2026-06-23T07:12:00Z,external_transfer,branch_assisted,100_to_499,7,3,292.87,false,0.171
2026-06-23T13:28:00Z,bill_payment,mobile,25_to_99,13,2,121.76,false,0.208
2026-06-23T17:27:00Z,internal_transfer,branch_assisted,500_to_999,17,4,375.43,false,0.039
2026-06-24T11:34:00Z,debit_purchase,atm,25_to_99,11,1,31.96,false,0.181
2026-06-24T11:40:00Z,debit_purchase,atm,under_25,11,0,124.38,false,0.305
2026-06-24T18:11:00Z,internal_transfer,mobile,100_to_499,18,4,91.66,false,0.402
2026-06-24T12:28:00Z,external_transfer,mobile,100_to_499,12,2,100.32,false,0.462
2026-06-25T21:31:00Z,debit_purchase,atm,under_25,21,3,38.70,false,0.251
2026-06-25T18:15:00Z,debit_purchase,mobile,25_to_99,18,1,101.09,false,0.293
2026-06-25T10:34:00Z,debit_purchase,web,25_to_99,10,3,176.51,false,0.112
2026-06-25T08:25:00Z,internal_transfer,mobile,500_to_999,8,1,183.85,false,0.280
2026-06-26T07:06:00Z,bill_payment,web,100_to_499,7,4,22.23,false,0.019
2026-06-26T10:01:00Z,debit_purchase,mobile,25_to_99,10,2,90.47,false,0.121
2026-06-26T23:11:00Z,debit_purchase,web,25_to_99,23,2,50.19,false,0.330
2026-06-26T16:29:00Z,deposit,mobile,100_to_499,16,1,55.41,false,0.235
2026-06-27T10:45:00Z,debit_purchase,web,under_25,10,3,117.56,false,0.137
2026-06-27T12:37:00Z,external_transfer,branch_assisted,100_to_499,12,4,39.67,false,0.397
2026-06-27T11:51:00Z,debit_purchase,web,under_25,11,3,36.06,false,0.235
2026-06-27T18:55:00Z,debit_purchase,web,100_to_499,18,1,81.00,false,0.411
2026-06-28T10:42:00Z,bill_payment,web,25_to_99,10,3,117.24,true,0.285
2026-06-28T13:35:00Z,internal_transfer,mobile,25_to_99,13,2,218.26,false,0.121
2026-06-28T16:15:00Z,atm_withdrawal,atm,100_to_499,16,3,234.75,true,0.391
2026-06-28T12:25:00Z,deposit,branch_assisted,25_to_99,12,3,99.28,false,0.241
2026-06-29T20:12:00Z,debit_purchase,atm,100_to_499,20,4,48.06,true,0.289
2026-06-29T15:07:00Z,bill_payment,web,100_to_499,15,2,166.35,false,0.384
2026-06-29T13:10:00Z,debit_purchase,web,25_to_99,13,3,48.61,false,0.341
2026-06-29T16:45:00Z,atm_withdrawal,atm,100_to_499,16,2,44.18,false,0.251
2026-06-30T10:57:00Z,debit_purchase,atm,under_25,10,2,141.82,false,0.146
2026-06-30T13:24:00Z,bill_payment,branch_assisted,100_to_499,13,3,148.18,true,0.283
2026-06-30T12:18:00Z,bill_payment,web,25_to_99,12,2,54.19,false,0.103
2026-06-30T14:59:00Z,deposit,branch_assisted,100_to_499,14,2,148.71,false,0.336
2026-07-01T18:06:00Z,debit_purchase,mobile,100_to_499,18,2,323.33,false,0.150
2026-07-01T11:54:00Z,external_transfer,mobile,100_to_499,11,0,22.43,false,0.027
2026-07-01T16:16:00Z,deposit,branch_assisted,100_to_499,16,3,105.66,true,0.252
2026-07-01T13:34:00Z,debit_purchase,web,under_25,13,3,5.47,false,0.335
2026-07-02T16:38:00Z,internal_transfer,web,1000_to_2499,16,3,40.65,false,0.490
2026-07-02T23:54:00Z,atm_withdrawal,atm,100_to_499,23,4,78.90,false,0.149
2026-07-02T21:49:00Z,debit_purchase,mobile,under_25,21,2,171.10,false,0.237
2026-07-02T17:29:00Z,debit_purchase,mobile,under_25,17,2,22.97,false,0.117
2026-07-03T17:30:00Z,bill_payment,branch_assisted,500_to_999,17,2,33.94,false,0.069
2026-07-03T10:36:00Z,deposit,atm,100_to_499,10,0,145.64,false,0.197
2026-07-03T10:54:00Z,debit_purchase,atm,25_to_99,10,2,26.37,false,0.433
2026-07-03T11:49:00Z,external_transfer,branch_assisted,100_to_499,11,2,269.21,false,0.262
2026-07-04T20:24:00Z,debit_purchase,atm,100_to_499,20,2,27.39,false,0.093
2026-07-04T17:07:00Z,debit_purchase,web,25_to_99,17,2,394.08,false,0.027
2026-07-04T10:02:00Z,external_transfer,web,2500_plus,10,6,40.89,false,0.221
2026-07-04T23:06:00Z,debit_purchase,atm,25_to_99,23,3,44.04,false,0.436
2026-07-05T15:02:00Z,external_transfer,web,2500_plus,15,2,17.94,false,0.233
2026-07-05T12:49:00Z,bill_payment,mobile,25_to_99,12,2,83.92,false,0.219
2026-07-05T11:20:00Z,bill_payment,branch_assisted,100_to_499,11,1,96.11,false,0.140
2026-07-05T13:16:00Z,debit_purchase,web,25_to_99,13,2,54.51,false,0.156
2026-07-06T12:09:00Z,external_transfer,mobile,100_to_499,12,3,91.75,false,0.139
2026-07-06T14:20:00Z,debit_purchase,mobile,100_to_499,14,1,18.45,false,0.155
2026-07-06T11:44:00Z,internal_transfer,web,100_to_499,11,0,107.59,false,0.403
2026-07-06T12:32:00Z,internal_transfer,branch_assisted,100_to_499,12,1,143.71,false,0.284
2026-07-07T19:49:00Z,bill_payment,branch_assisted,100_to_499,19,2,42.19,false,0.145
2026-07-07T18:20:00Z,debit_purchase,web,25_to_99,18,4,239.94,false,0.145
2026-07-07T16:13:00Z,deposit,mobile,500_to_999,16,1,131.43,false,0.020
2026-07-07T07:36:00Z,debit_purchase,atm,under_25,7,0,160.92,false,0.482
2026-07-08T18:26:00Z,debit_purchase,atm,25_to_99,18,2,192.92,false,0.078
2026-07-08T17:55:00Z,bill_payment,mobile,100_to_499,17,0,159.03,true,0.340
2026-07-08T14:08:00Z,debit_purchase,atm,100_to_499,14,3,79.12,true,0.633
2026-07-08T11:33:00Z,deposit,branch_assisted,100_to_499,11,3,7.48,false,0.269
2026-07-09T19:16:00Z,debit_purchase,atm,100_to_499,19,1,141.39,true,0.494
2026-07-09T12:52:00Z,deposit,atm,100_to_499,12,3,149.50,false,0.302
2026-07-09T18:25:00Z,debit_purchase,web,100_to_499,18,1,40.52,false,0.016
2026-07-09T09:32:00Z,internal_transfer,web,25_to_99,9,3,317.79,false,0.068
2026-07-10T04:10:00Z,atm_withdrawal,atm,100_to_499,4,0,48.41,false,0.278
2026-07-10T15:05:00Z,bill_payment,web,100_to_499,15,6,152.98,false,0.089
2026-07-10T14:25:00Z,debit_purchase,atm,under_25,14,1,83.17,false,0.096
2026-07-10T08:07:00Z,internal_transfer,mobile,100_to_499,8,2,41.68,false,0.234
2026-07-11T13:20:00Z,bill_payment,branch_assisted,500_to_999,13,2,41.23,false,0.269
2026-07-11T12:53:00Z,internal_transfer,branch_assisted,500_to_999,12,1,52.20,false,0.238
2026-07-11T18:11:00Z,internal_transfer,web,100_to_499,18,1,55.48,false,0.126
2026-07-11T14:27:00Z,deposit,branch_assisted,500_to_999,14,3,90.25,true,0.184
2026-07-12T12:29:00Z,internal_transfer,web,2500_plus,12,3,309.49,false,0.170
2026-07-12T16:38:00Z,debit_purchase,web,25_to_99,16,5,47.12,false,0.132
2026-07-12T09:45:00Z,external_transfer,mobile,500_to_999,9,2,39.26,true,0.307
2026-07-12T13:33:00Z,debit_purchase,atm,under_25,13,1,131.26,false,0.425
2026-07-13T16:26:00Z,debit_purchase,atm,under_25,16,4,38.54,false,0.129
2026-07-13T13:15:00Z,debit_purchase,mobile,25_to_99,13,1,31.43,false,0.478
2026-07-13T09:48:00Z,debit_purchase,mobile,100_to_499,9,3,213.33,false,0.287
2026-07-13T11:14:00Z,bill_payment,branch_assisted,100_to_499,11,2,54.91,false,0.453
2026-07-14T12:34:00Z,debit_purchase,web,under_25,12,2,42.63,false,0.184
2026-07-14T13:27:00Z,external_transfer,branch_assisted,100_to_499,13,3,66.13,false,0.068
2026-07-14T12:27:00Z,debit_purchase,mobile,under_25,12,3,14.24,false,0.236
2026-07-14T13:12:00Z,debit_purchase,atm,25_to_99,13,2,61.25,false,0.528
2026-07-15T07:11:00Z,external_transfer,web,500_to_999,7,0,77.34,false,0.108
2026-07-15T14:52:00Z,internal_transfer,mobile,500_to_999,14,4,97.56,false,0.028
2026-07-15T15:30:00Z,bill_payment,mobile,500_to_999,15,3,53.84,false,0.235
2026-07-15T12:38:00Z,debit_purchase,web,25_to_99,12,5,32.50,false,0.290
2026-07-16T12:14:00Z,debit_purchase,web,under_25,12,3,99.15,false,0.397
2026-07-16T17:20:00Z,atm_withdrawal,atm,25_to_99,17,0,50.30,false,0.172
2026-07-16T15:12:00Z,external_transfer,branch_assisted,100_to_499,15,6,709.86,false,0.261
2026-07-16T14:08:00Z,debit_purchase,web,100_to_499,14,2,19.59,false,0.340
2026-07-17T11:28:00Z,debit_purchase,web,25_to_99,11,1,144.01,false,0.224
2026-07-17T18:56:00Z,debit_purchase,mobile,25_to_99,18,2,79.79,false,0.102
2026-07-17T15:22:00Z,atm_withdrawal,atm,100_to_499,15,1,15.23,false,0.122
2026-07-17T16:01:00Z,debit_purchase,atm,25_to_99,16,0,24.55,false,0.048
2026-07-18T11:38:00Z,deposit,mobile,100_to_499,11,3,26.65,false,0.225
2026-07-18T11:45:00Z,debit_purchase,atm,25_to_99,11,3,154.32,false,0.018
2026-07-18T22:58:00Z,bill_payment,web,500_to_999,22,4,301.38,false,0.235
2026-07-18T14:31:00Z,external_transfer,branch_assisted,500_to_999,14,2,59.24,false,0.230
2026-07-19T17:58:00Z,atm_withdrawal,atm,100_to_499,17,2,144.43,false,0.096
2026-07-19T19:25:00Z,debit_purchase,web,25_to_99,19,4,69.95,true,0.474
2026-07-19T08:55:00Z,debit_purchase,atm,25_to_99,8,2,45.96,false,0.166
2026-07-19T14:29:00Z,debit_purchase,mobile,25_to_99,14,1,74.48,false,0.543
