timestamp,session_id,event_name,channel,journey
2026-08-13T08:00:23Z,session-1042,session_started,web,
2026-08-13T08:00:35Z,session-1042,login_failed,web,
2026-08-13T08:01:01Z,session-1042,login_completed,web,
2026-08-13T08:01:08Z,session-1042,dashboard_viewed,web,
2026-08-13T08:01:25Z,session-1042,account_viewed,web,
2026-08-13T08:01:52Z,session-1042,statement_viewed,web,
2026-08-13T08:02:19Z,session-1042,session_ended,web,
2026-08-13T08:11:14Z,session-1043,session_started,web,
2026-08-13T08:11:29Z,session-1043,login_completed,web,
2026-08-13T08:11:47Z,session-1043,dashboard_viewed,web,
2026-08-13T08:12:14Z,session-1043,transfer_started,web,transfer
2026-08-13T08:12:24Z,session-1043,recipient_selected,web,transfer
2026-08-13T08:12:44Z,session-1043,transfer_reviewed,web,transfer
2026-08-13T08:13:07Z,session-1043,transfer_completed,web,transfer
2026-08-13T08:13:35Z,session-1043,session_ended,web,
2026-08-13T08:22:11Z,session-1044,session_started,web,
2026-08-13T08:22:16Z,session-1044,login_completed,web,
2026-08-13T08:22:41Z,session-1044,transfer_started,web,transfer
2026-08-13T08:23:08Z,session-1044,recipient_selected,web,transfer
2026-08-13T08:23:22Z,session-1044,transfer_reviewed,web,transfer
2026-08-13T08:23:26Z,session-1044,session_ended,web,
2026-08-13T08:33:22Z,session-1045,session_started,mobile,
2026-08-13T08:33:31Z,session-1045,login_completed,mobile,
2026-08-13T08:33:50Z,session-1045,dashboard_viewed,mobile,
2026-08-13T08:34:01Z,session-1045,verification_started,mobile,verification
2026-08-13T08:34:22Z,session-1045,verification_completed,mobile,verification
2026-08-13T08:34:45Z,session-1045,session_ended,mobile,
2026-08-13T08:44:21Z,session-1046,session_started,web,
2026-08-13T08:44:40Z,session-1046,login_completed,web,
2026-08-13T08:44:44Z,session-1046,verification_started,web,verification
2026-08-13T08:44:48Z,session-1046,verification_abandoned,web,verification
2026-08-13T08:45:08Z,session-1046,session_ended,web,
2026-08-13T08:55:22Z,session-1047,session_started,mobile,
2026-08-13T08:55:47Z,session-1047,login_completed,mobile,
2026-08-13T08:55:57Z,session-1047,dashboard_viewed,mobile,
2026-08-13T08:56:18Z,session-1047,search_performed,mobile,search
2026-08-13T08:56:37Z,session-1047,account_viewed,mobile,
2026-08-13T08:56:44Z,session-1047,search_performed,mobile,search
2026-08-13T08:57:11Z,session-1047,statement_viewed,mobile,
2026-08-13T08:57:32Z,session-1047,session_ended,mobile,
2026-08-13T09:06:18Z,session-1048,session_started,mobile,
2026-08-13T09:06:21Z,session-1048,login_completed,mobile,
2026-08-13T09:06:49Z,session-1048,dashboard_viewed,mobile,
2026-08-13T09:06:59Z,session-1048,account_viewed,mobile,
2026-08-13T09:07:06Z,session-1048,statement_viewed,mobile,
2026-08-13T09:07:33Z,session-1048,session_ended,mobile,
2026-08-13T09:17:27Z,session-1049,session_started,web,
2026-08-13T09:17:46Z,session-1049,login_completed,web,
2026-08-13T09:18:10Z,session-1049,dashboard_viewed,web,
2026-08-13T09:18:16Z,session-1049,transfer_started,web,transfer
2026-08-13T09:18:24Z,session-1049,recipient_selected,web,transfer
2026-08-13T09:18:43Z,session-1049,transfer_reviewed,web,transfer
2026-08-13T09:18:56Z,session-1049,transfer_completed,web,transfer
2026-08-13T09:19:12Z,session-1049,session_ended,web,
2026-08-13T09:28:07Z,session-1050,session_started,web,
2026-08-13T09:28:26Z,session-1050,login_completed,web,
2026-08-13T09:28:46Z,session-1050,transfer_started,web,transfer
2026-08-13T09:29:06Z,session-1050,recipient_selected,web,transfer
2026-08-13T09:29:22Z,session-1050,transfer_reviewed,web,transfer
2026-08-13T09:29:41Z,session-1050,session_ended,web,
2026-08-13T09:39:19Z,session-1051,session_started,web,
2026-08-13T09:39:40Z,session-1051,login_completed,web,
2026-08-13T09:40:03Z,session-1051,dashboard_viewed,web,
2026-08-13T09:40:16Z,session-1051,verification_started,web,verification
2026-08-13T09:40:37Z,session-1051,verification_completed,web,verification
2026-08-13T09:40:40Z,session-1051,session_ended,web,
2026-08-13T09:50:16Z,session-1052,session_started,mobile,
2026-08-13T09:50:37Z,session-1052,login_completed,mobile,
2026-08-13T09:50:55Z,session-1052,verification_started,mobile,verification
2026-08-13T09:51:00Z,session-1052,verification_abandoned,mobile,verification
2026-08-13T09:51:17Z,session-1052,session_ended,mobile,
2026-08-13T10:01:10Z,session-1053,session_started,web,
2026-08-13T10:01:16Z,session-1053,login_completed,web,
2026-08-13T10:01:25Z,session-1053,dashboard_viewed,web,
2026-08-13T10:01:37Z,session-1053,search_performed,web,search
2026-08-13T10:02:03Z,session-1053,account_viewed,web,
2026-08-13T10:02:31Z,session-1053,search_performed,web,search
2026-08-13T10:02:51Z,session-1053,statement_viewed,web,
2026-08-13T10:03:15Z,session-1053,session_ended,web,
2026-08-13T10:12:13Z,session-1054,session_started,mobile,
2026-08-13T10:12:23Z,session-1054,login_completed,mobile,
2026-08-13T10:12:51Z,session-1054,dashboard_viewed,mobile,
2026-08-13T10:13:13Z,session-1054,account_viewed,mobile,
2026-08-13T10:13:28Z,session-1054,statement_viewed,mobile,
2026-08-13T10:13:42Z,session-1054,session_ended,mobile,
2026-08-13T10:23:26Z,session-1055,session_started,mobile,
2026-08-13T10:23:46Z,session-1055,login_completed,mobile,
2026-08-13T10:23:59Z,session-1055,dashboard_viewed,mobile,
2026-08-13T10:24:16Z,session-1055,transfer_started,mobile,transfer
2026-08-13T10:24:34Z,session-1055,recipient_selected,mobile,transfer
2026-08-13T10:24:46Z,session-1055,transfer_reviewed,mobile,transfer
2026-08-13T10:25:07Z,session-1055,transfer_completed,mobile,transfer
2026-08-13T10:25:25Z,session-1055,session_ended,mobile,
2026-08-13T10:34:03Z,session-1056,session_started,web,
2026-08-13T10:34:31Z,session-1056,login_completed,web,
2026-08-13T10:34:52Z,session-1056,transfer_started,web,transfer
2026-08-13T10:35:06Z,session-1056,recipient_selected,web,transfer
2026-08-13T10:35:22Z,session-1056,transfer_reviewed,web,transfer
2026-08-13T10:35:50Z,session-1056,session_ended,web,
2026-08-13T10:45:09Z,session-1057,session_started,web,
2026-08-13T10:45:35Z,session-1057,login_completed,web,
2026-08-13T10:45:41Z,session-1057,dashboard_viewed,web,
2026-08-13T10:45:45Z,session-1057,verification_started,web,verification
2026-08-13T10:45:57Z,session-1057,verification_completed,web,verification
2026-08-13T10:46:23Z,session-1057,session_ended,web,
2026-08-13T10:56:03Z,session-1058,session_started,web,
2026-08-13T10:56:08Z,session-1058,login_completed,web,
2026-08-13T10:56:26Z,session-1058,verification_started,web,verification
2026-08-13T10:56:52Z,session-1058,verification_abandoned,web,verification
2026-08-13T10:57:03Z,session-1058,session_ended,web,
2026-08-13T11:07:25Z,session-1059,session_started,mobile,
2026-08-13T11:07:39Z,session-1059,login_failed,mobile,
2026-08-13T11:07:46Z,session-1059,login_completed,mobile,
2026-08-13T11:08:10Z,session-1059,dashboard_viewed,mobile,
2026-08-13T11:08:20Z,session-1059,search_performed,mobile,search
2026-08-13T11:08:40Z,session-1059,account_viewed,mobile,
2026-08-13T11:08:53Z,session-1059,search_performed,mobile,search
2026-08-13T11:08:56Z,session-1059,statement_viewed,mobile,
2026-08-13T11:09:10Z,session-1059,session_ended,mobile,
2026-08-13T11:18:03Z,session-1060,session_started,mobile,
2026-08-13T11:18:25Z,session-1060,login_completed,mobile,
2026-08-13T11:18:31Z,session-1060,dashboard_viewed,mobile,
2026-08-13T11:18:54Z,session-1060,account_viewed,mobile,
2026-08-13T11:18:59Z,session-1060,statement_viewed,mobile,
2026-08-13T11:19:18Z,session-1060,session_ended,mobile,
2026-08-13T11:29:17Z,session-1061,session_started,mobile,
2026-08-13T11:29:25Z,session-1061,login_completed,mobile,
2026-08-13T11:29:47Z,session-1061,dashboard_viewed,mobile,
2026-08-13T11:30:09Z,session-1061,transfer_started,mobile,transfer
2026-08-13T11:30:19Z,session-1061,transfer_failed,mobile,transfer
2026-08-13T11:30:44Z,session-1061,transfer_started,mobile,transfer
2026-08-13T11:30:59Z,session-1061,recipient_selected,mobile,transfer
2026-08-13T11:31:23Z,session-1061,transfer_reviewed,mobile,transfer
2026-08-13T11:31:30Z,session-1061,transfer_completed,mobile,transfer
2026-08-13T11:31:49Z,session-1061,session_ended,mobile,
2026-08-13T11:40:25Z,session-1062,session_started,web,
2026-08-13T11:40:39Z,session-1062,login_completed,web,
2026-08-13T11:40:44Z,session-1062,transfer_started,web,transfer
2026-08-13T11:41:06Z,session-1062,recipient_selected,web,transfer
2026-08-13T11:41:24Z,session-1062,transfer_reviewed,web,transfer
2026-08-13T11:41:37Z,session-1062,session_ended,web,
2026-08-13T11:51:10Z,session-1063,session_started,mobile,
2026-08-13T11:51:29Z,session-1063,login_completed,mobile,
2026-08-13T11:51:48Z,session-1063,dashboard_viewed,mobile,
2026-08-13T11:51:57Z,session-1063,verification_started,mobile,verification
2026-08-13T11:52:07Z,session-1063,verification_completed,mobile,verification
2026-08-13T11:52:25Z,session-1063,session_ended,mobile,
2026-08-13T12:02:18Z,session-1064,session_started,web,
2026-08-13T12:02:46Z,session-1064,login_completed,web,
2026-08-13T12:03:00Z,session-1064,verification_started,web,verification
2026-08-13T12:03:28Z,session-1064,verification_abandoned,web,verification
2026-08-13T12:03:42Z,session-1064,session_ended,web,
2026-08-13T12:13:22Z,session-1065,session_started,mobile,
2026-08-13T12:13:28Z,session-1065,login_completed,mobile,
2026-08-13T12:13:49Z,session-1065,dashboard_viewed,mobile,
2026-08-13T12:14:12Z,session-1065,search_performed,mobile,search
2026-08-13T12:14:16Z,session-1065,account_viewed,mobile,
2026-08-13T12:14:35Z,session-1065,search_performed,mobile,search
2026-08-13T12:14:46Z,session-1065,statement_viewed,mobile,
2026-08-13T12:15:02Z,session-1065,session_ended,mobile,
2026-08-13T12:24:25Z,session-1066,session_started,web,
2026-08-13T12:24:45Z,session-1066,login_completed,web,
2026-08-13T12:24:57Z,session-1066,dashboard_viewed,web,
2026-08-13T12:25:00Z,session-1066,account_viewed,web,
2026-08-13T12:25:27Z,session-1066,statement_viewed,web,
2026-08-13T12:25:38Z,session-1066,session_ended,web,
2026-08-13T12:35:22Z,session-1067,session_started,mobile,
2026-08-13T12:35:50Z,session-1067,login_completed,mobile,
2026-08-13T12:35:55Z,session-1067,dashboard_viewed,mobile,
2026-08-13T12:36:04Z,session-1067,transfer_started,mobile,transfer
2026-08-13T12:36:22Z,session-1067,recipient_selected,mobile,transfer
2026-08-13T12:36:32Z,session-1067,transfer_reviewed,mobile,transfer
2026-08-13T12:36:41Z,session-1067,transfer_completed,mobile,transfer
2026-08-13T12:36:48Z,session-1067,session_ended,mobile,
2026-08-13T12:46:04Z,session-1068,session_started,web,
2026-08-13T12:46:28Z,session-1068,login_completed,web,
2026-08-13T12:46:31Z,session-1068,transfer_started,web,transfer
2026-08-13T12:46:50Z,session-1068,recipient_selected,web,transfer
2026-08-13T12:46:58Z,session-1068,transfer_reviewed,web,transfer
2026-08-13T12:47:25Z,session-1068,session_ended,web,
2026-08-13T12:57:10Z,session-1069,session_started,web,
2026-08-13T12:57:28Z,session-1069,login_completed,web,
2026-08-13T12:57:39Z,session-1069,dashboard_viewed,web,
2026-08-13T12:57:42Z,session-1069,verification_started,web,verification
2026-08-13T12:57:45Z,session-1069,verification_completed,web,verification
2026-08-13T12:57:54Z,session-1069,session_ended,web,
2026-08-13T13:08:05Z,session-1070,session_started,web,
2026-08-13T13:08:16Z,session-1070,login_completed,web,
2026-08-13T13:08:37Z,session-1070,verification_started,web,verification
2026-08-13T13:08:49Z,session-1070,verification_abandoned,web,verification
2026-08-13T13:09:00Z,session-1070,session_ended,web,
2026-08-13T13:19:25Z,session-1071,session_started,mobile,
2026-08-13T13:19:45Z,session-1071,login_completed,mobile,
2026-08-13T13:19:56Z,session-1071,dashboard_viewed,mobile,
2026-08-13T13:20:16Z,session-1071,search_performed,mobile,search
2026-08-13T13:20:25Z,session-1071,account_viewed,mobile,
2026-08-13T13:20:47Z,session-1071,search_performed,mobile,search
2026-08-13T13:21:00Z,session-1071,statement_viewed,mobile,
2026-08-13T13:21:15Z,session-1071,session_ended,mobile,
2026-08-13T13:30:24Z,session-1072,session_started,mobile,
2026-08-13T13:30:36Z,session-1072,login_completed,mobile,
2026-08-13T13:30:49Z,session-1072,dashboard_viewed,mobile,
2026-08-13T13:31:04Z,session-1072,account_viewed,mobile,
2026-08-13T13:31:12Z,session-1072,statement_viewed,mobile,
2026-08-13T13:31:17Z,session-1072,session_ended,mobile,
2026-08-13T13:41:14Z,session-1073,session_started,mobile,
2026-08-13T13:41:37Z,session-1073,login_completed,mobile,
2026-08-13T13:42:03Z,session-1073,dashboard_viewed,mobile,
2026-08-13T13:42:27Z,session-1073,transfer_started,mobile,transfer
2026-08-13T13:42:46Z,session-1073,recipient_selected,mobile,transfer
2026-08-13T13:43:09Z,session-1073,transfer_reviewed,mobile,transfer
2026-08-13T13:43:22Z,session-1073,transfer_completed,mobile,transfer
2026-08-13T13:43:31Z,session-1073,session_ended,mobile,
2026-08-13T13:52:05Z,session-1074,session_started,web,
2026-08-13T13:52:32Z,session-1074,login_completed,web,
2026-08-13T13:52:36Z,session-1074,transfer_started,web,transfer
2026-08-13T13:52:42Z,session-1074,recipient_selected,web,transfer
2026-08-13T13:53:04Z,session-1074,transfer_reviewed,web,transfer
2026-08-13T13:53:09Z,session-1074,session_ended,web,
2026-08-13T14:03:26Z,session-1075,session_started,mobile,
2026-08-13T14:03:43Z,session-1075,login_completed,mobile,
2026-08-13T14:04:08Z,session-1075,dashboard_viewed,mobile,
2026-08-13T14:04:16Z,session-1075,verification_started,mobile,verification
2026-08-13T14:04:36Z,session-1075,verification_completed,mobile,verification
2026-08-13T14:04:47Z,session-1075,session_ended,mobile,
2026-08-13T14:14:20Z,session-1076,session_started,web,
2026-08-13T14:14:43Z,session-1076,login_failed,web,
2026-08-13T14:15:08Z,session-1076,login_completed,web,
2026-08-13T14:15:29Z,session-1076,verification_started,web,verification
2026-08-13T14:15:47Z,session-1076,verification_abandoned,web,verification
2026-08-13T14:15:59Z,session-1076,session_ended,web,
2026-08-13T14:25:14Z,session-1077,session_started,web,
2026-08-13T14:25:26Z,session-1077,login_completed,web,
2026-08-13T14:25:35Z,session-1077,dashboard_viewed,web,
2026-08-13T14:25:51Z,session-1077,search_performed,web,search
2026-08-13T14:26:06Z,session-1077,account_viewed,web,
2026-08-13T14:26:24Z,session-1077,search_performed,web,search
2026-08-13T14:26:32Z,session-1077,statement_viewed,web,
2026-08-13T14:26:39Z,session-1077,session_ended,web,
2026-08-13T14:36:07Z,session-1078,session_started,mobile,
2026-08-13T14:36:14Z,session-1078,login_completed,mobile,
2026-08-13T14:36:27Z,session-1078,dashboard_viewed,mobile,
2026-08-13T14:36:32Z,session-1078,account_viewed,mobile,
2026-08-13T14:36:42Z,session-1078,statement_viewed,mobile,
2026-08-13T14:36:50Z,session-1078,session_ended,mobile,
2026-08-13T14:47:12Z,session-1079,session_started,web,
2026-08-13T14:47:16Z,session-1079,login_completed,web,
2026-08-13T14:47:23Z,session-1079,dashboard_viewed,web,
2026-08-13T14:47:46Z,session-1079,transfer_started,web,transfer
2026-08-13T14:47:58Z,session-1079,recipient_selected,web,transfer
2026-08-13T14:48:14Z,session-1079,transfer_reviewed,web,transfer
2026-08-13T14:48:29Z,session-1079,transfer_completed,web,transfer
2026-08-13T14:48:55Z,session-1079,session_ended,web,
2026-08-13T14:58:07Z,session-1080,session_started,web,
2026-08-13T14:58:35Z,session-1080,login_completed,web,
2026-08-13T14:58:42Z,session-1080,transfer_started,web,transfer
2026-08-13T14:59:09Z,session-1080,transfer_failed,web,transfer
2026-08-13T14:59:32Z,session-1080,transfer_started,web,transfer
2026-08-13T14:59:53Z,session-1080,recipient_selected,web,transfer
2026-08-13T15:00:04Z,session-1080,transfer_reviewed,web,transfer
2026-08-13T15:00:17Z,session-1080,session_ended,web,
2026-08-13T15:09:05Z,session-1081,session_started,web,
2026-08-13T15:09:27Z,session-1081,login_completed,web,
2026-08-13T15:09:31Z,session-1081,dashboard_viewed,web,
2026-08-13T15:09:38Z,session-1081,verification_started,web,verification
2026-08-13T15:09:58Z,session-1081,verification_completed,web,verification
2026-08-13T15:10:06Z,session-1081,session_ended,web,
2026-08-13T15:20:05Z,session-1082,session_started,web,
2026-08-13T15:20:19Z,session-1082,login_completed,web,
2026-08-13T15:20:45Z,session-1082,verification_started,web,verification
2026-08-13T15:21:12Z,session-1082,verification_abandoned,web,verification
2026-08-13T15:21:22Z,session-1082,session_ended,web,
2026-08-13T15:31:21Z,session-1083,session_started,mobile,
2026-08-13T15:31:26Z,session-1083,login_completed,mobile,
2026-08-13T15:31:31Z,session-1083,dashboard_viewed,mobile,
2026-08-13T15:31:40Z,session-1083,search_performed,mobile,search
2026-08-13T15:31:52Z,session-1083,account_viewed,mobile,
2026-08-13T15:32:17Z,session-1083,search_performed,mobile,search
2026-08-13T15:32:39Z,session-1083,statement_viewed,mobile,
2026-08-13T15:32:42Z,session-1083,session_ended,mobile,
2026-08-13T15:42:10Z,session-1084,session_started,mobile,
2026-08-13T15:42:22Z,session-1084,login_completed,mobile,
2026-08-13T15:42:43Z,session-1084,dashboard_viewed,mobile,
2026-08-13T15:42:56Z,session-1084,account_viewed,mobile,
2026-08-13T15:43:09Z,session-1084,statement_viewed,mobile,
2026-08-13T15:43:17Z,session-1084,session_ended,mobile,
2026-08-13T15:53:03Z,session-1085,session_started,mobile,
2026-08-13T15:53:08Z,session-1085,login_completed,mobile,
2026-08-13T15:53:21Z,session-1085,dashboard_viewed,mobile,
2026-08-13T15:53:46Z,session-1085,transfer_started,mobile,transfer
2026-08-13T15:53:52Z,session-1085,recipient_selected,mobile,transfer
2026-08-13T15:54:12Z,session-1085,transfer_reviewed,mobile,transfer
2026-08-13T15:54:32Z,session-1085,transfer_completed,mobile,transfer
2026-08-13T15:54:47Z,session-1085,session_ended,mobile,
2026-08-13T16:04:23Z,session-1086,session_started,mobile,
2026-08-13T16:04:44Z,session-1086,login_completed,mobile,
2026-08-13T16:05:11Z,session-1086,transfer_started,mobile,transfer
2026-08-13T16:05:21Z,session-1086,recipient_selected,mobile,transfer
2026-08-13T16:05:39Z,session-1086,transfer_reviewed,mobile,transfer
2026-08-13T16:05:45Z,session-1086,session_ended,mobile,
2026-08-13T16:15:12Z,session-1087,session_started,mobile,
2026-08-13T16:15:23Z,session-1087,login_completed,mobile,
2026-08-13T16:15:42Z,session-1087,dashboard_viewed,mobile,
2026-08-13T16:16:00Z,session-1087,verification_started,mobile,verification
2026-08-13T16:16:12Z,session-1087,verification_completed,mobile,verification
2026-08-13T16:16:33Z,session-1087,session_ended,mobile,
2026-08-13T16:26:13Z,session-1088,session_started,web,
2026-08-13T16:26:37Z,session-1088,login_completed,web,
2026-08-13T16:27:04Z,session-1088,verification_started,web,verification
2026-08-13T16:27:23Z,session-1088,verification_abandoned,web,verification
2026-08-13T16:27:38Z,session-1088,session_ended,web,
2026-08-13T16:37:04Z,session-1089,session_started,web,
2026-08-13T16:37:23Z,session-1089,login_completed,web,
2026-08-13T16:37:27Z,session-1089,dashboard_viewed,web,
2026-08-13T16:37:51Z,session-1089,search_performed,web,search
2026-08-13T16:38:06Z,session-1089,account_viewed,web,
2026-08-13T16:38:24Z,session-1089,search_performed,web,search
2026-08-13T16:38:38Z,session-1089,statement_viewed,web,
2026-08-13T16:38:41Z,session-1089,session_ended,web,
2026-08-13T16:48:20Z,session-1090,session_started,mobile,
2026-08-13T16:48:33Z,session-1090,login_completed,mobile,
2026-08-13T16:49:00Z,session-1090,dashboard_viewed,mobile,
2026-08-13T16:49:14Z,session-1090,account_viewed,mobile,
2026-08-13T16:49:32Z,session-1090,statement_viewed,mobile,
2026-08-13T16:49:55Z,session-1090,session_ended,mobile,
2026-08-13T16:59:22Z,session-1091,session_started,mobile,
2026-08-13T16:59:39Z,session-1091,login_completed,mobile,
2026-08-13T16:59:54Z,session-1091,dashboard_viewed,mobile,
2026-08-13T17:00:00Z,session-1091,transfer_started,mobile,transfer
2026-08-13T17:00:28Z,session-1091,recipient_selected,mobile,transfer
2026-08-13T17:00:50Z,session-1091,transfer_reviewed,mobile,transfer
2026-08-13T17:00:55Z,session-1091,transfer_completed,mobile,transfer
2026-08-13T17:01:17Z,session-1091,session_ended,mobile,
2026-08-13T17:10:06Z,session-1092,session_started,web,
2026-08-13T17:10:34Z,session-1092,login_completed,web,
2026-08-13T17:10:59Z,session-1092,transfer_started,web,transfer
2026-08-13T17:11:12Z,session-1092,recipient_selected,web,transfer
2026-08-13T17:11:32Z,session-1092,transfer_reviewed,web,transfer
2026-08-13T17:12:00Z,session-1092,session_ended,web,
2026-08-13T17:21:23Z,session-1093,session_started,web,
2026-08-13T17:21:46Z,session-1093,login_failed,web,
2026-08-13T17:22:09Z,session-1093,login_completed,web,
2026-08-13T17:22:22Z,session-1093,dashboard_viewed,web,
2026-08-13T17:22:35Z,session-1093,verification_started,web,verification
2026-08-13T17:23:03Z,session-1093,verification_completed,web,verification
2026-08-13T17:23:18Z,session-1093,session_ended,web,
2026-08-13T17:32:10Z,session-1094,session_started,web,
2026-08-13T17:32:36Z,session-1094,login_completed,web,
2026-08-13T17:32:51Z,session-1094,verification_started,web,verification
2026-08-13T17:33:09Z,session-1094,verification_abandoned,web,verification
2026-08-13T17:33:25Z,session-1094,session_ended,web,
2026-08-13T17:43:15Z,session-1095,session_started,mobile,
2026-08-13T17:43:20Z,session-1095,login_completed,mobile,
2026-08-13T17:43:45Z,session-1095,dashboard_viewed,mobile,
2026-08-13T17:44:11Z,session-1095,search_performed,mobile,search
2026-08-13T17:44:23Z,session-1095,account_viewed,mobile,
2026-08-13T17:44:41Z,session-1095,search_performed,mobile,search
2026-08-13T17:45:04Z,session-1095,statement_viewed,mobile,
2026-08-13T17:45:12Z,session-1095,session_ended,mobile,
2026-08-13T17:54:11Z,session-1096,session_started,mobile,
2026-08-13T17:54:25Z,session-1096,login_completed,mobile,
2026-08-13T17:54:52Z,session-1096,dashboard_viewed,mobile,
2026-08-13T17:55:16Z,session-1096,account_viewed,mobile,
2026-08-13T17:55:20Z,session-1096,statement_viewed,mobile,
2026-08-13T17:55:32Z,session-1096,session_ended,mobile,
2026-08-13T18:05:24Z,session-1097,session_started,web,
2026-08-13T18:05:49Z,session-1097,login_completed,web,
2026-08-13T18:05:58Z,session-1097,dashboard_viewed,web,
2026-08-13T18:06:11Z,session-1097,transfer_started,web,transfer
2026-08-13T18:06:20Z,session-1097,recipient_selected,web,transfer
2026-08-13T18:06:48Z,session-1097,transfer_reviewed,web,transfer
2026-08-13T18:07:00Z,session-1097,transfer_completed,web,transfer
2026-08-13T18:07:21Z,session-1097,session_ended,web,
2026-08-13T18:16:06Z,session-1098,session_started,web,
2026-08-13T18:16:18Z,session-1098,login_completed,web,
2026-08-13T18:16:30Z,session-1098,transfer_started,web,transfer
2026-08-13T18:16:33Z,session-1098,recipient_selected,web,transfer
2026-08-13T18:16:42Z,session-1098,transfer_reviewed,web,transfer
2026-08-13T18:16:48Z,session-1098,session_ended,web,
2026-08-13T18:27:18Z,session-1099,session_started,web,
2026-08-13T18:27:31Z,session-1099,login_completed,web,
2026-08-13T18:27:58Z,session-1099,dashboard_viewed,web,
2026-08-13T18:28:20Z,session-1099,verification_started,web,verification
2026-08-13T18:28:29Z,session-1099,verification_completed,web,verification
2026-08-13T18:28:52Z,session-1099,session_ended,web,
2026-08-13T18:38:27Z,session-1100,session_started,mobile,
2026-08-13T18:38:34Z,session-1100,login_completed,mobile,
2026-08-13T18:39:02Z,session-1100,verification_started,mobile,verification
2026-08-13T18:39:12Z,session-1100,verification_abandoned,mobile,verification
2026-08-13T18:39:25Z,session-1100,session_ended,mobile,
2026-08-13T18:49:17Z,session-1101,session_started,mobile,
2026-08-13T18:49:34Z,session-1101,login_completed,mobile,
2026-08-13T18:49:44Z,session-1101,dashboard_viewed,mobile,
2026-08-13T18:49:48Z,session-1101,search_performed,mobile,search
2026-08-13T18:50:12Z,session-1101,account_viewed,mobile,
2026-08-13T18:50:22Z,session-1101,search_performed,mobile,search
2026-08-13T18:50:37Z,session-1101,statement_viewed,mobile,
2026-08-13T18:50:41Z,session-1101,session_ended,mobile,
2026-08-13T19:00:23Z,session-1102,session_started,mobile,
2026-08-13T19:00:41Z,session-1102,login_completed,mobile,
2026-08-13T19:01:02Z,session-1102,dashboard_viewed,mobile,
2026-08-13T19:01:10Z,session-1102,account_viewed,mobile,
2026-08-13T19:01:19Z,session-1102,statement_viewed,mobile,
2026-08-13T19:01:32Z,session-1102,session_ended,mobile,
2026-08-13T19:11:24Z,session-1103,session_started,web,
2026-08-13T19:11:39Z,session-1103,login_completed,web,
2026-08-13T19:11:54Z,session-1103,dashboard_viewed,web,
2026-08-13T19:11:58Z,session-1103,transfer_started,web,transfer
2026-08-13T19:12:21Z,session-1103,recipient_selected,web,transfer
2026-08-13T19:12:29Z,session-1103,transfer_reviewed,web,transfer
2026-08-13T19:12:35Z,session-1103,transfer_completed,web,transfer
2026-08-13T19:12:57Z,session-1103,session_ended,web,
2026-08-13T19:22:27Z,session-1104,session_started,web,
2026-08-13T19:22:47Z,session-1104,login_completed,web,
2026-08-13T19:23:10Z,session-1104,transfer_started,web,transfer
2026-08-13T19:23:14Z,session-1104,recipient_selected,web,transfer
2026-08-13T19:23:22Z,session-1104,transfer_reviewed,web,transfer
2026-08-13T19:23:43Z,session-1104,session_ended,web,
2026-08-13T19:33:06Z,session-1105,session_started,mobile,
2026-08-13T19:33:23Z,session-1105,login_completed,mobile,
2026-08-13T19:33:30Z,session-1105,dashboard_viewed,mobile,
2026-08-13T19:33:36Z,session-1105,verification_started,mobile,verification
2026-08-13T19:33:46Z,session-1105,verification_completed,mobile,verification
2026-08-13T19:33:50Z,session-1105,session_ended,mobile,
2026-08-13T19:44:05Z,session-1106,session_started,mobile,
2026-08-13T19:44:26Z,session-1106,login_completed,mobile,
2026-08-13T19:44:48Z,session-1106,verification_started,mobile,verification
2026-08-13T19:44:59Z,session-1106,verification_abandoned,mobile,verification
2026-08-13T19:45:21Z,session-1106,session_ended,mobile,
2026-08-13T19:55:28Z,session-1107,session_started,web,
2026-08-13T19:55:33Z,session-1107,login_completed,web,
2026-08-13T19:56:00Z,session-1107,dashboard_viewed,web,
2026-08-13T19:56:16Z,session-1107,search_performed,web,search
2026-08-13T19:56:25Z,session-1107,account_viewed,web,
2026-08-13T19:56:44Z,session-1107,search_performed,web,search
2026-08-13T19:57:04Z,session-1107,statement_viewed,web,
2026-08-13T19:57:09Z,session-1107,session_ended,web,
2026-08-13T20:06:27Z,session-1108,session_started,mobile,
2026-08-13T20:06:50Z,session-1108,login_completed,mobile,
2026-08-13T20:07:04Z,session-1108,dashboard_viewed,mobile,
2026-08-13T20:07:27Z,session-1108,account_viewed,mobile,
2026-08-13T20:07:33Z,session-1108,statement_viewed,mobile,
2026-08-13T20:07:38Z,session-1108,session_ended,mobile,
2026-08-13T20:17:20Z,session-1109,session_started,web,
2026-08-13T20:17:27Z,session-1109,login_completed,web,
2026-08-13T20:17:55Z,session-1109,dashboard_viewed,web,
2026-08-13T20:18:02Z,session-1109,transfer_started,web,transfer
2026-08-13T20:18:18Z,session-1109,recipient_selected,web,transfer
2026-08-13T20:18:25Z,session-1109,transfer_reviewed,web,transfer
2026-08-13T20:18:36Z,session-1109,transfer_completed,web,transfer
2026-08-13T20:18:46Z,session-1109,session_ended,web,
2026-08-13T20:28:27Z,session-1110,session_started,web,
2026-08-13T20:28:31Z,session-1110,login_failed,web,
2026-08-13T20:28:34Z,session-1110,login_completed,web,
2026-08-13T20:28:49Z,session-1110,transfer_started,web,transfer
2026-08-13T20:29:17Z,session-1110,recipient_selected,web,transfer
2026-08-13T20:29:28Z,session-1110,transfer_reviewed,web,transfer
2026-08-13T20:29:45Z,session-1110,session_ended,web,
2026-08-13T20:39:12Z,session-1111,session_started,web,
2026-08-13T20:39:18Z,session-1111,login_completed,web,
2026-08-13T20:39:27Z,session-1111,dashboard_viewed,web,
2026-08-13T20:39:37Z,session-1111,verification_started,web,verification
2026-08-13T20:39:44Z,session-1111,verification_completed,web,verification
2026-08-13T20:39:52Z,session-1111,session_ended,web,
2026-08-13T20:50:20Z,session-1112,session_started,web,
2026-08-13T20:50:36Z,session-1112,login_completed,web,
2026-08-13T20:50:51Z,session-1112,verification_started,web,verification
2026-08-13T20:50:54Z,session-1112,verification_abandoned,web,verification
2026-08-13T20:51:05Z,session-1112,session_ended,web,
2026-08-13T21:01:22Z,session-1113,session_started,mobile,
2026-08-13T21:01:38Z,session-1113,login_completed,mobile,
2026-08-13T21:01:55Z,session-1113,dashboard_viewed,mobile,
2026-08-13T21:02:01Z,session-1113,search_performed,mobile,search
2026-08-13T21:02:05Z,session-1113,account_viewed,mobile,
2026-08-13T21:02:31Z,session-1113,search_performed,mobile,search
2026-08-13T21:02:59Z,session-1113,statement_viewed,mobile,
2026-08-13T21:03:19Z,session-1113,session_ended,mobile,
2026-08-13T21:12:04Z,session-1114,session_started,web,
2026-08-13T21:12:21Z,session-1114,login_completed,web,
2026-08-13T21:12:44Z,session-1114,dashboard_viewed,web,
2026-08-13T21:13:12Z,session-1114,account_viewed,web,
2026-08-13T21:13:22Z,session-1114,statement_viewed,web,
2026-08-13T21:13:26Z,session-1114,session_ended,web,
2026-08-13T21:23:03Z,session-1115,session_started,web,
2026-08-13T21:23:27Z,session-1115,login_completed,web,
2026-08-13T21:23:48Z,session-1115,dashboard_viewed,web,
2026-08-13T21:24:15Z,session-1115,transfer_started,web,transfer
2026-08-13T21:24:19Z,session-1115,recipient_selected,web,transfer
2026-08-13T21:24:47Z,session-1115,transfer_reviewed,web,transfer
2026-08-13T21:25:12Z,session-1115,transfer_completed,web,transfer
2026-08-13T21:25:32Z,session-1115,session_ended,web,
2026-08-13T21:34:25Z,session-1116,session_started,web,
2026-08-13T21:34:50Z,session-1116,login_completed,web,
2026-08-13T21:35:10Z,session-1116,transfer_started,web,transfer
2026-08-13T21:35:37Z,session-1116,recipient_selected,web,transfer
2026-08-13T21:35:47Z,session-1116,transfer_reviewed,web,transfer
2026-08-13T21:36:00Z,session-1116,session_ended,web,
2026-08-13T21:45:15Z,session-1117,session_started,mobile,
2026-08-13T21:45:26Z,session-1117,login_completed,mobile,
2026-08-13T21:45:34Z,session-1117,dashboard_viewed,mobile,
2026-08-13T21:46:01Z,session-1117,verification_started,mobile,verification
2026-08-13T21:46:20Z,session-1117,verification_completed,mobile,verification
2026-08-13T21:46:45Z,session-1117,session_ended,mobile,
2026-08-13T21:56:25Z,session-1118,session_started,mobile,
2026-08-13T21:56:28Z,session-1118,login_completed,mobile,
2026-08-13T21:56:35Z,session-1118,verification_started,mobile,verification
2026-08-13T21:56:40Z,session-1118,verification_abandoned,mobile,verification
2026-08-13T21:56:43Z,session-1118,session_ended,mobile,
2026-08-13T22:07:20Z,session-1119,session_started,mobile,
2026-08-13T22:07:35Z,session-1119,login_completed,mobile,
2026-08-13T22:07:48Z,session-1119,dashboard_viewed,mobile,
2026-08-13T22:07:53Z,session-1119,search_performed,mobile,search
2026-08-13T22:08:01Z,session-1119,account_viewed,mobile,
2026-08-13T22:08:22Z,session-1119,search_performed,mobile,search
2026-08-13T22:08:41Z,session-1119,statement_viewed,mobile,
2026-08-13T22:09:04Z,session-1119,session_ended,mobile,
2026-08-13T22:18:13Z,session-1120,session_started,web,
2026-08-13T22:18:22Z,session-1120,login_completed,web,
2026-08-13T22:18:30Z,session-1120,dashboard_viewed,web,
2026-08-13T22:18:55Z,session-1120,account_viewed,web,
2026-08-13T22:19:06Z,session-1120,statement_viewed,web,
2026-08-13T22:19:31Z,session-1120,session_ended,web,
2026-08-13T22:29:06Z,session-1121,session_started,mobile,
2026-08-13T22:29:30Z,session-1121,login_completed,mobile,
2026-08-13T22:29:56Z,session-1121,dashboard_viewed,mobile,
2026-08-13T22:30:09Z,session-1121,transfer_started,mobile,transfer
2026-08-13T22:30:13Z,session-1121,recipient_selected,mobile,transfer
2026-08-13T22:30:38Z,session-1121,transfer_reviewed,mobile,transfer
2026-08-13T22:30:51Z,session-1121,transfer_completed,mobile,transfer
2026-08-13T22:31:12Z,session-1121,session_ended,mobile,
2026-08-13T22:40:06Z,session-1122,session_started,web,
2026-08-13T22:40:24Z,session-1122,login_completed,web,
2026-08-13T22:40:41Z,session-1122,transfer_started,web,transfer
2026-08-13T22:40:59Z,session-1122,recipient_selected,web,transfer
2026-08-13T22:41:02Z,session-1122,transfer_reviewed,web,transfer
2026-08-13T22:41:13Z,session-1122,session_ended,web,
2026-08-13T22:51:08Z,session-1123,session_started,web,
2026-08-13T22:51:21Z,session-1123,login_completed,web,
2026-08-13T22:51:45Z,session-1123,dashboard_viewed,web,
2026-08-13T22:51:51Z,session-1123,verification_started,web,verification
2026-08-13T22:52:02Z,session-1123,verification_completed,web,verification
2026-08-13T22:52:20Z,session-1123,session_ended,web,
2026-08-13T23:02:12Z,session-1124,session_started,web,
2026-08-13T23:02:34Z,session-1124,login_completed,web,
2026-08-13T23:02:41Z,session-1124,verification_started,web,verification
2026-08-13T23:02:52Z,session-1124,verification_abandoned,web,verification
2026-08-13T23:02:57Z,session-1124,session_ended,web,
2026-08-13T23:13:05Z,session-1125,session_started,mobile,
2026-08-13T23:13:11Z,session-1125,login_completed,mobile,
2026-08-13T23:13:25Z,session-1125,dashboard_viewed,mobile,
2026-08-13T23:13:36Z,session-1125,search_performed,mobile,search
2026-08-13T23:13:50Z,session-1125,account_viewed,mobile,
2026-08-13T23:13:53Z,session-1125,search_performed,mobile,search
2026-08-13T23:14:05Z,session-1125,statement_viewed,mobile,
2026-08-13T23:14:21Z,session-1125,session_ended,mobile,
2026-08-13T23:24:17Z,session-1126,session_started,web,
2026-08-13T23:24:32Z,session-1126,login_completed,web,
2026-08-13T23:24:40Z,session-1126,dashboard_viewed,web,
2026-08-13T23:24:45Z,session-1126,account_viewed,web,
2026-08-13T23:24:56Z,session-1126,statement_viewed,web,
2026-08-13T23:25:18Z,session-1126,session_ended,web,
2026-08-13T23:35:22Z,session-1127,session_started,mobile,
2026-08-13T23:35:46Z,session-1127,login_failed,mobile,
2026-08-13T23:35:55Z,session-1127,login_completed,mobile,
2026-08-13T23:36:08Z,session-1127,dashboard_viewed,mobile,
2026-08-13T23:36:11Z,session-1127,transfer_started,mobile,transfer
2026-08-13T23:36:16Z,session-1127,recipient_selected,mobile,transfer
2026-08-13T23:36:19Z,session-1127,transfer_reviewed,mobile,transfer
2026-08-13T23:36:26Z,session-1127,transfer_completed,mobile,transfer
2026-08-13T23:36:33Z,session-1127,session_ended,mobile,
2026-08-13T23:46:28Z,session-1128,session_started,web,
2026-08-13T23:46:37Z,session-1128,login_completed,web,
2026-08-13T23:46:47Z,session-1128,transfer_started,web,transfer
2026-08-13T23:46:52Z,session-1128,recipient_selected,web,transfer
2026-08-13T23:47:00Z,session-1128,transfer_reviewed,web,transfer
2026-08-13T23:47:20Z,session-1128,session_ended,web,
2026-08-13T23:57:25Z,session-1129,session_started,mobile,
2026-08-13T23:57:31Z,session-1129,login_completed,mobile,
2026-08-13T23:57:42Z,session-1129,dashboard_viewed,mobile,
2026-08-13T23:57:56Z,session-1129,verification_started,mobile,verification
2026-08-13T23:58:03Z,session-1129,verification_completed,mobile,verification
2026-08-13T23:58:29Z,session-1129,session_ended,mobile,
2026-08-14T00:08:05Z,session-1130,session_started,web,
2026-08-14T00:08:19Z,session-1130,login_completed,web,
2026-08-14T00:08:34Z,session-1130,verification_started,web,verification
2026-08-14T00:08:37Z,session-1130,verification_abandoned,web,verification
2026-08-14T00:08:47Z,session-1130,session_ended,web,
2026-08-14T00:19:11Z,session-1131,session_started,mobile,
2026-08-14T00:19:14Z,session-1131,login_completed,mobile,
2026-08-14T00:19:39Z,session-1131,dashboard_viewed,mobile,
2026-08-14T00:19:53Z,session-1131,search_performed,mobile,search
2026-08-14T00:19:57Z,session-1131,account_viewed,mobile,
2026-08-14T00:20:22Z,session-1131,search_performed,mobile,search
2026-08-14T00:20:27Z,session-1131,statement_viewed,mobile,
2026-08-14T00:20:52Z,session-1131,session_ended,mobile,
