timestamp,transaction_type,channel,amount_band,hour_of_day,recent_transaction_count,minutes_since_previous_transaction,device_change,distance_from_recent_pattern,recent_failed_transaction_count,manual_review_required
2025-01-01T00:00:00Z,bill_payment,web,100_to_499,4,3,10.19,false,0.542,0,1
2025-01-01T00:17:00Z,external_transfer,mobile,500_to_999,19,4,79.35,false,0.280,0,1
2025-01-01T00:34:00Z,atm_withdrawal,web,25_to_99,1,2,18.39,true,0.299,1,1
2025-01-01T00:51:00Z,external_transfer,branch_assisted,100_to_499,21,2,41.71,false,0.594,1,0
2025-01-01T01:08:00Z,bill_payment,mobile,25_to_99,3,0,10.60,false,0.092,1,0
2025-01-01T01:25:00Z,debit_purchase,mobile,25_to_99,2,1,39.01,false,0.198,0,0
2025-01-01T01:42:00Z,internal_transfer,mobile,1000_to_2499,23,2,14.64,false,0.507,0,0
2025-01-01T01:59:00Z,bill_payment,mobile,500_to_999,0,3,99.51,true,0.296,2,1
2025-01-01T02:16:00Z,external_transfer,mobile,25_to_99,19,7,25.60,false,0.299,0,1
2025-01-01T02:33:00Z,deposit,web,25_to_99,6,1,103.93,false,0.173,1,1
2025-01-01T02:50:00Z,atm_withdrawal,mobile,under_25,11,5,68.73,false,0.103,0,0
2025-01-01T03:07:00Z,debit_purchase,web,under_25,3,2,193.54,false,0.118,1,0
2025-01-01T03:24:00Z,bill_payment,mobile,25_to_99,1,1,11.83,false,0.150,0,0
2025-01-01T03:41:00Z,debit_purchase,web,100_to_499,19,2,11.54,false,0.035,1,1
2025-01-01T03:58:00Z,atm_withdrawal,mobile,100_to_499,5,5,34.91,false,0.208,0,0
2025-01-01T04:15:00Z,debit_purchase,mobile,under_25,15,1,18.44,false,0.454,0,0
2025-01-01T04:32:00Z,debit_purchase,web,under_25,8,4,98.60,false,0.371,0,0
2025-01-01T04:49:00Z,deposit,mobile,under_25,12,1,70.32,false,0.316,2,1
2025-01-01T05:06:00Z,deposit,mobile,100_to_499,22,1,61.07,false,0.234,0,0
2025-01-01T05:23:00Z,debit_purchase,atm,100_to_499,5,2,48.86,true,0.558,0,1
2025-01-01T05:40:00Z,atm_withdrawal,mobile,under_25,9,5,5.05,true,0.411,0,1
2025-01-01T05:57:00Z,internal_transfer,atm,25_to_99,15,3,12.22,true,0.014,0,0
2025-01-01T06:14:00Z,atm_withdrawal,branch_assisted,100_to_499,7,1,23.50,false,0.149,1,0
2025-01-01T06:31:00Z,bill_payment,branch_assisted,25_to_99,19,3,32.94,false,0.389,0,0
2025-01-01T06:48:00Z,bill_payment,mobile,100_to_499,12,4,177.07,false,0.341,0,1
2025-01-01T07:05:00Z,bill_payment,branch_assisted,500_to_999,2,1,97.41,false,0.183,1,0
2025-01-01T07:22:00Z,atm_withdrawal,mobile,25_to_99,22,5,5.02,true,0.373,2,1
2025-01-01T07:39:00Z,bill_payment,mobile,under_25,20,2,5.61,false,0.102,0,0
2025-01-01T07:56:00Z,bill_payment,mobile,under_25,8,1,1.38,false,0.158,1,0
2025-01-01T08:13:00Z,debit_purchase,web,100_to_499,12,2,104.95,false,0.678,0,1
2025-01-01T08:30:00Z,internal_transfer,atm,under_25,1,4,27.96,true,0.325,0,0
2025-01-01T08:47:00Z,deposit,mobile,25_to_99,3,2,14.73,false,0.167,1,0
2025-01-01T09:04:00Z,debit_purchase,web,25_to_99,5,5,32.28,false,0.563,0,1
2025-01-01T09:21:00Z,external_transfer,mobile,500_to_999,19,2,73.45,false,0.523,0,0
2025-01-01T09:38:00Z,debit_purchase,mobile,1000_to_2499,17,3,23.72,false,0.301,0,0
2025-01-01T09:55:00Z,debit_purchase,mobile,500_to_999,5,2,3.51,false,0.465,1,1
2025-01-01T10:12:00Z,debit_purchase,web,100_to_499,3,4,6.07,false,0.607,0,0
2025-01-01T10:29:00Z,debit_purchase,atm,25_to_99,2,2,11.46,false,0.444,1,0
2025-01-01T10:46:00Z,debit_purchase,mobile,500_to_999,11,3,92.45,false,0.336,0,0
2025-01-01T11:03:00Z,debit_purchase,mobile,25_to_99,3,0,43.76,false,0.120,1,0
2025-01-01T11:20:00Z,debit_purchase,atm,25_to_99,19,3,6.53,true,0.293,0,1
2025-01-01T11:37:00Z,debit_purchase,mobile,100_to_499,14,1,51.79,false,0.262,1,0
2025-01-01T11:54:00Z,bill_payment,atm,25_to_99,10,6,80.13,false,0.174,0,1
2025-01-01T12:11:00Z,bill_payment,web,under_25,2,1,61.23,false,0.143,0,0
2025-01-01T12:28:00Z,external_transfer,atm,2500_plus,14,2,31.56,false,0.194,0,0
2025-01-01T12:45:00Z,debit_purchase,mobile,500_to_999,22,5,0.76,false,0.118,0,1
2025-01-01T13:02:00Z,debit_purchase,web,25_to_99,13,3,135.40,false,0.368,0,0
2025-01-01T13:19:00Z,external_transfer,mobile,500_to_999,10,3,12.94,false,0.250,0,0
2025-01-01T13:36:00Z,bill_payment,atm,1000_to_2499,15,3,105.15,false,0.377,0,0
2025-01-01T13:53:00Z,bill_payment,mobile,25_to_99,13,2,12.12,false,0.403,1,0
2025-01-01T14:10:00Z,bill_payment,mobile,25_to_99,21,2,54.89,false,0.472,1,1
2025-01-01T14:27:00Z,bill_payment,mobile,25_to_99,23,2,12.03,false,0.533,0,1
2025-01-01T14:44:00Z,external_transfer,atm,100_to_499,3,4,3.84,false,0.247,0,1
2025-01-01T15:01:00Z,debit_purchase,branch_assisted,under_25,15,0,22.79,true,0.355,1,0
2025-01-01T15:18:00Z,debit_purchase,mobile,under_25,19,1,197.88,false,0.086,0,0
2025-01-01T15:35:00Z,bill_payment,mobile,100_to_499,20,0,0.03,false,0.246,0,0
2025-01-01T15:52:00Z,external_transfer,mobile,100_to_499,7,1,20.55,false,0.337,1,0
2025-01-01T16:09:00Z,internal_transfer,web,100_to_499,13,2,15.26,false,0.533,0,0
2025-01-01T16:26:00Z,deposit,atm,25_to_99,5,1,21.20,false,0.104,0,0
2025-01-01T16:43:00Z,debit_purchase,mobile,under_25,3,0,18.43,false,0.375,1,1
2025-01-01T17:00:00Z,internal_transfer,mobile,25_to_99,18,2,80.34,false,0.284,1,1
2025-01-01T17:17:00Z,bill_payment,mobile,500_to_999,10,2,36.30,false,0.230,0,0
2025-01-01T17:34:00Z,bill_payment,mobile,100_to_499,22,3,81.45,false,0.371,0,0
2025-01-01T17:51:00Z,debit_purchase,mobile,2500_plus,6,3,18.28,false,0.264,0,0
2025-01-01T18:08:00Z,internal_transfer,mobile,under_25,12,5,16.69,false,0.243,0,0
2025-01-01T18:25:00Z,deposit,branch_assisted,100_to_499,15,2,37.37,false,0.468,0,1
2025-01-01T18:42:00Z,external_transfer,mobile,under_25,15,3,9.93,false,0.107,1,0
2025-01-01T18:59:00Z,bill_payment,atm,25_to_99,20,3,11.30,false,0.206,0,0
2025-01-01T19:16:00Z,deposit,mobile,100_to_499,18,3,27.32,false,0.459,0,1
2025-01-01T19:33:00Z,deposit,mobile,under_25,16,2,44.26,false,0.385,0,1
2025-01-01T19:50:00Z,external_transfer,mobile,under_25,3,0,2.52,false,0.218,0,0
2025-01-01T20:07:00Z,debit_purchase,web,under_25,17,4,50.21,true,0.279,1,0
2025-01-01T20:24:00Z,deposit,mobile,100_to_499,21,2,30.59,false,0.350,0,0
2025-01-01T20:41:00Z,internal_transfer,mobile,1000_to_2499,9,2,1.80,false,0.215,1,0
2025-01-01T20:58:00Z,external_transfer,atm,25_to_99,16,4,64.92,true,0.519,1,1
2025-01-01T21:15:00Z,debit_purchase,mobile,2500_plus,13,6,38.27,false,0.180,0,1
2025-01-01T21:32:00Z,external_transfer,branch_assisted,25_to_99,19,3,22.91,false,0.435,1,0
2025-01-01T21:49:00Z,debit_purchase,mobile,2500_plus,4,3,1.52,false,0.405,0,1
2025-01-01T22:06:00Z,internal_transfer,mobile,25_to_99,18,2,157.13,false,0.273,0,0
2025-01-01T22:23:00Z,debit_purchase,mobile,under_25,4,1,62.51,false,0.623,0,1
2025-01-01T22:40:00Z,bill_payment,mobile,under_25,5,3,1.86,false,0.148,1,0
2025-01-01T22:57:00Z,debit_purchase,mobile,under_25,3,0,8.98,false,0.205,0,0
2025-01-01T23:14:00Z,internal_transfer,atm,100_to_499,20,1,139.41,false,0.080,0,0
2025-01-01T23:31:00Z,debit_purchase,mobile,under_25,11,2,76.87,false,0.244,0,0
2025-01-01T23:48:00Z,internal_transfer,mobile,1000_to_2499,16,5,85.32,false,0.398,0,0
2025-01-02T00:05:00Z,external_transfer,mobile,25_to_99,13,5,38.67,false,0.326,1,1
2025-01-02T00:22:00Z,bill_payment,mobile,500_to_999,18,1,7.75,true,0.175,2,1
2025-01-02T00:39:00Z,deposit,web,25_to_99,11,0,0.11,false,0.476,0,1
2025-01-02T00:56:00Z,debit_purchase,branch_assisted,500_to_999,17,3,46.00,false,0.248,0,1
2025-01-02T01:13:00Z,debit_purchase,mobile,under_25,23,5,6.68,false,0.620,0,0
2025-01-02T01:30:00Z,debit_purchase,mobile,under_25,6,3,26.68,false,0.092,0,0
2025-01-02T01:47:00Z,bill_payment,mobile,100_to_499,9,4,45.63,true,0.196,0,1
2025-01-02T02:04:00Z,deposit,web,100_to_499,0,1,21.03,true,0.020,0,0
2025-01-02T02:21:00Z,bill_payment,mobile,25_to_99,23,3,30.43,false,0.219,2,0
2025-01-02T02:38:00Z,atm_withdrawal,web,25_to_99,11,4,5.56,true,0.079,0,0
2025-01-02T02:55:00Z,internal_transfer,mobile,25_to_99,18,6,12.55,false,0.533,0,0
2025-01-02T03:12:00Z,external_transfer,mobile,500_to_999,1,3,27.79,false,0.134,0,0
2025-01-02T03:29:00Z,debit_purchase,mobile,1000_to_2499,8,3,72.69,true,0.114,0,0
2025-01-02T03:46:00Z,debit_purchase,mobile,25_to_99,21,3,28.26,false,0.245,1,0
2025-01-02T04:03:00Z,debit_purchase,branch_assisted,500_to_999,3,1,1.11,true,0.088,0,0
2025-01-02T04:20:00Z,debit_purchase,web,under_25,23,3,12.58,false,0.504,0,1
2025-01-02T04:37:00Z,debit_purchase,atm,25_to_99,14,2,75.94,false,0.257,0,0
2025-01-02T04:54:00Z,debit_purchase,mobile,under_25,7,1,17.47,false,0.079,0,0
2025-01-02T05:11:00Z,atm_withdrawal,mobile,under_25,4,3,2.50,true,0.049,0,0
2025-01-02T05:28:00Z,internal_transfer,atm,1000_to_2499,20,0,23.07,false,0.238,1,0
2025-01-02T05:45:00Z,internal_transfer,web,25_to_99,23,2,1.07,false,0.320,1,1
2025-01-02T06:02:00Z,debit_purchase,mobile,25_to_99,22,2,78.56,false,0.098,1,0
2025-01-02T06:19:00Z,bill_payment,mobile,2500_plus,2,2,18.04,false,0.281,0,0
2025-01-02T06:36:00Z,internal_transfer,mobile,100_to_499,11,1,34.26,false,0.156,0,1
2025-01-02T06:53:00Z,atm_withdrawal,mobile,25_to_99,7,2,18.85,false,0.173,0,1
2025-01-02T07:10:00Z,internal_transfer,mobile,25_to_99,7,4,46.40,false,0.296,1,1
2025-01-02T07:27:00Z,external_transfer,branch_assisted,100_to_499,5,5,13.83,false,0.296,0,0
2025-01-02T07:44:00Z,internal_transfer,mobile,25_to_99,13,4,8.09,false,0.140,1,0
2025-01-02T08:01:00Z,debit_purchase,mobile,500_to_999,3,1,15.79,false,0.285,1,0
2025-01-02T08:18:00Z,debit_purchase,atm,100_to_499,1,3,45.17,false,0.142,0,0
2025-01-02T08:35:00Z,internal_transfer,mobile,1000_to_2499,8,4,212.87,false,0.130,1,0
2025-01-02T08:52:00Z,atm_withdrawal,mobile,500_to_999,9,3,34.69,false,0.116,0,0
2025-01-02T09:09:00Z,debit_purchase,mobile,500_to_999,22,2,33.23,false,0.088,0,1
2025-01-02T09:26:00Z,debit_purchase,mobile,25_to_99,21,0,85.46,false,0.517,0,0
2025-01-02T09:43:00Z,debit_purchase,mobile,25_to_99,19,1,126.06,true,0.474,0,1
2025-01-02T10:00:00Z,bill_payment,mobile,25_to_99,20,0,16.68,false,0.387,1,1
2025-01-02T10:17:00Z,debit_purchase,web,under_25,7,2,19.87,false,0.194,0,0
2025-01-02T10:34:00Z,bill_payment,web,25_to_99,13,2,31.87,false,0.080,1,0
2025-01-02T10:51:00Z,bill_payment,mobile,1000_to_2499,2,3,32.32,false,0.026,0,0
2025-01-02T11:08:00Z,internal_transfer,atm,under_25,3,3,52.41,false,0.337,0,1
2025-01-02T11:25:00Z,external_transfer,mobile,100_to_499,12,2,3.32,false,0.399,1,0
2025-01-02T11:42:00Z,debit_purchase,branch_assisted,100_to_499,6,4,14.07,false,0.339,0,0
2025-01-02T11:59:00Z,debit_purchase,mobile,25_to_99,10,0,155.24,false,0.250,0,0
2025-01-02T12:16:00Z,internal_transfer,branch_assisted,under_25,8,2,9.65,false,0.351,0,0
2025-01-02T12:33:00Z,deposit,mobile,under_25,14,1,13.62,false,0.515,0,0
2025-01-02T12:50:00Z,atm_withdrawal,mobile,25_to_99,5,1,28.83,false,0.134,0,0
2025-01-02T13:07:00Z,internal_transfer,mobile,under_25,12,6,33.84,false,0.379,0,0
2025-01-02T13:24:00Z,deposit,branch_assisted,100_to_499,21,0,10.74,true,0.100,0,0
2025-01-02T13:41:00Z,atm_withdrawal,branch_assisted,500_to_999,23,0,5.25,false,0.188,0,0
2025-01-02T13:58:00Z,bill_payment,atm,100_to_499,7,2,100.38,false,0.107,0,0
2025-01-02T14:15:00Z,debit_purchase,mobile,100_to_499,14,2,106.82,false,0.134,0,0
2025-01-02T14:32:00Z,debit_purchase,mobile,500_to_999,1,2,58.79,false,0.196,1,0
2025-01-02T14:49:00Z,external_transfer,mobile,500_to_999,15,0,6.25,false,0.260,0,0
2025-01-02T15:06:00Z,bill_payment,mobile,under_25,18,2,5.77,false,0.157,2,0
2025-01-02T15:23:00Z,bill_payment,mobile,under_25,21,6,11.83,false,0.029,0,0
2025-01-02T15:40:00Z,bill_payment,mobile,500_to_999,19,3,13.71,false,0.220,0,0
2025-01-02T15:57:00Z,deposit,mobile,under_25,17,2,32.14,false,0.587,1,0
2025-01-02T16:14:00Z,external_transfer,branch_assisted,25_to_99,23,2,1.51,false,0.381,0,0
2025-01-02T16:31:00Z,debit_purchase,web,1000_to_2499,8,5,123.29,false,0.009,0,0
2025-01-02T16:48:00Z,external_transfer,mobile,25_to_99,21,4,0.64,false,0.235,0,0
2025-01-02T17:05:00Z,bill_payment,web,1000_to_2499,0,6,9.46,false,0.154,0,1
2025-01-02T17:22:00Z,debit_purchase,mobile,1000_to_2499,4,2,14.66,true,0.615,0,0
2025-01-02T17:39:00Z,bill_payment,web,2500_plus,1,2,3.75,false,0.453,1,0
2025-01-02T17:56:00Z,external_transfer,mobile,under_25,7,1,89.30,false,0.197,0,0
2025-01-02T18:13:00Z,bill_payment,web,25_to_99,17,5,23.74,false,0.114,0,0
2025-01-02T18:30:00Z,bill_payment,mobile,500_to_999,3,4,25.65,false,0.618,0,1
2025-01-02T18:47:00Z,debit_purchase,mobile,under_25,4,3,63.18,false,0.124,0,1
2025-01-02T19:04:00Z,bill_payment,mobile,25_to_99,14,1,12.50,false,0.107,0,0
2025-01-02T19:21:00Z,internal_transfer,mobile,100_to_499,8,4,10.08,false,0.263,2,0
2025-01-02T19:38:00Z,debit_purchase,web,100_to_499,17,2,22.25,false,0.235,2,0
2025-01-02T19:55:00Z,atm_withdrawal,web,2500_plus,7,2,20.65,false,0.295,1,0
2025-01-02T20:12:00Z,debit_purchase,branch_assisted,100_to_499,5,3,15.65,false,0.202,0,1
2025-01-02T20:29:00Z,debit_purchase,mobile,500_to_999,22,3,59.25,false,0.337,1,1
2025-01-02T20:46:00Z,debit_purchase,web,under_25,1,0,20.00,false,0.226,1,1
2025-01-02T21:03:00Z,debit_purchase,mobile,under_25,5,2,20.48,false,0.305,1,1
2025-01-02T21:20:00Z,bill_payment,mobile,25_to_99,4,1,114.04,false,0.230,1,0
2025-01-02T21:37:00Z,debit_purchase,branch_assisted,under_25,0,0,7.03,true,0.167,1,1
2025-01-02T21:54:00Z,debit_purchase,web,25_to_99,15,1,152.06,false,0.360,0,0
2025-01-02T22:11:00Z,debit_purchase,mobile,1000_to_2499,21,4,62.38,false,0.314,1,1
2025-01-02T22:28:00Z,atm_withdrawal,mobile,500_to_999,13,2,14.59,false,0.079,1,1
2025-01-02T22:45:00Z,debit_purchase,mobile,100_to_499,15,4,20.91,false,0.332,0,1
2025-01-02T23:02:00Z,deposit,mobile,under_25,7,3,6.35,false,0.070,0,0
2025-01-02T23:19:00Z,debit_purchase,web,25_to_99,17,2,33.90,false,0.172,0,1
2025-01-02T23:36:00Z,debit_purchase,web,under_25,8,2,92.86,true,0.621,0,0
2025-01-02T23:53:00Z,atm_withdrawal,web,25_to_99,20,2,71.15,false,0.415,0,0
2025-01-03T00:10:00Z,bill_payment,mobile,2500_plus,9,3,41.32,false,0.142,0,0
2025-01-03T00:27:00Z,external_transfer,atm,500_to_999,12,4,3.66,false,0.241,1,1
2025-01-03T00:44:00Z,bill_payment,web,under_25,12,1,20.36,false,0.106,0,0
2025-01-03T01:01:00Z,bill_payment,mobile,2500_plus,3,0,18.57,false,0.410,0,0
2025-01-03T01:18:00Z,bill_payment,web,100_to_499,12,1,20.50,false,0.228,0,0
2025-01-03T01:35:00Z,external_transfer,branch_assisted,100_to_499,9,2,182.64,false,0.518,0,1
2025-01-03T01:52:00Z,internal_transfer,branch_assisted,25_to_99,13,2,2.38,false,0.280,1,0
2025-01-03T02:09:00Z,atm_withdrawal,mobile,under_25,22,1,31.73,false,0.382,0,0
2025-01-03T02:26:00Z,debit_purchase,atm,500_to_999,22,5,16.13,false,0.360,0,1
2025-01-03T02:43:00Z,atm_withdrawal,mobile,under_25,12,1,16.91,false,0.482,1,0
2025-01-03T03:00:00Z,debit_purchase,branch_assisted,under_25,13,2,12.32,true,0.194,0,0
2025-01-03T03:17:00Z,bill_payment,mobile,100_to_499,0,1,2.71,false,0.333,0,0
2025-01-03T03:34:00Z,external_transfer,mobile,25_to_99,6,1,2.71,true,0.415,0,0
2025-01-03T03:51:00Z,atm_withdrawal,branch_assisted,100_to_499,7,1,48.38,false,0.282,0,0
2025-01-03T04:08:00Z,atm_withdrawal,mobile,2500_plus,21,1,12.27,false,0.599,1,1
2025-01-03T04:25:00Z,bill_payment,web,100_to_499,21,5,3.83,false,0.397,0,1
2025-01-03T04:42:00Z,external_transfer,mobile,100_to_499,17,2,11.20,false,0.396,0,0
2025-01-03T04:59:00Z,bill_payment,web,1000_to_2499,8,2,1.68,true,0.441,0,0
2025-01-03T05:16:00Z,external_transfer,mobile,25_to_99,10,4,63.96,false,0.368,0,1
2025-01-03T05:33:00Z,external_transfer,mobile,100_to_499,12,1,58.98,false,0.090,0,0
2025-01-03T05:50:00Z,debit_purchase,mobile,100_to_499,10,3,64.87,false,0.134,0,1
2025-01-03T06:07:00Z,deposit,web,100_to_499,4,1,34.19,false,0.202,1,0
2025-01-03T06:24:00Z,bill_payment,web,100_to_499,3,2,58.12,false,0.344,0,0
2025-01-03T06:41:00Z,external_transfer,web,under_25,22,1,18.91,false,0.341,1,0
2025-01-03T06:58:00Z,debit_purchase,web,100_to_499,4,0,93.24,true,0.176,1,0
2025-01-03T07:15:00Z,internal_transfer,mobile,100_to_499,9,2,32.84,false,0.424,0,0
2025-01-03T07:32:00Z,debit_purchase,web,500_to_999,18,4,6.47,false,0.188,1,0
2025-01-03T07:49:00Z,bill_payment,web,500_to_999,4,6,23.26,false,0.360,0,0
2025-01-03T08:06:00Z,atm_withdrawal,mobile,under_25,2,1,85.74,false,0.017,0,0
2025-01-03T08:23:00Z,external_transfer,mobile,1000_to_2499,9,1,4.85,false,0.138,0,0
2025-01-03T08:40:00Z,bill_payment,mobile,100_to_499,16,1,17.01,false,0.063,0,1
2025-01-03T08:57:00Z,debit_purchase,mobile,100_to_499,5,1,59.32,false,0.241,1,0
2025-01-03T09:14:00Z,deposit,web,100_to_499,5,1,19.31,false,0.236,1,0
2025-01-03T09:31:00Z,bill_payment,mobile,25_to_99,3,2,90.43,false,0.082,2,1
2025-01-03T09:48:00Z,debit_purchase,atm,25_to_99,17,1,33.45,false,0.452,1,0
2025-01-03T10:05:00Z,deposit,mobile,25_to_99,1,4,53.72,false,0.453,0,1
2025-01-03T10:22:00Z,deposit,mobile,100_to_499,23,1,34.05,false,0.258,0,0
2025-01-03T10:39:00Z,debit_purchase,web,100_to_499,3,1,3.70,false,0.063,0,0
2025-01-03T10:56:00Z,atm_withdrawal,web,under_25,0,5,3.48,false,0.492,2,1
2025-01-03T11:13:00Z,debit_purchase,branch_assisted,1000_to_2499,0,2,22.78,false,0.538,1,0
2025-01-03T11:30:00Z,debit_purchase,mobile,25_to_99,18,4,35.87,false,0.311,0,0
2025-01-03T11:47:00Z,bill_payment,mobile,500_to_999,4,2,10.72,true,0.159,0,0
2025-01-03T12:04:00Z,external_transfer,atm,25_to_99,1,4,91.64,false,0.346,0,1
2025-01-03T12:21:00Z,debit_purchase,mobile,100_to_499,5,4,5.86,false,0.156,0,0
2025-01-03T12:38:00Z,bill_payment,atm,under_25,12,2,146.97,false,0.226,0,0
2025-01-03T12:55:00Z,internal_transfer,mobile,500_to_999,18,3,88.01,false,0.153,0,0
2025-01-03T13:12:00Z,internal_transfer,mobile,25_to_99,8,5,63.08,false,0.127,0,0
2025-01-03T13:29:00Z,bill_payment,atm,500_to_999,4,1,61.66,false,0.251,1,0
2025-01-03T13:46:00Z,bill_payment,branch_assisted,25_to_99,13,5,31.51,false,0.453,0,1
2025-01-03T14:03:00Z,atm_withdrawal,mobile,25_to_99,21,2,39.69,false,0.236,1,0
2025-01-03T14:20:00Z,internal_transfer,atm,100_to_499,23,1,68.74,false,0.432,1,0
2025-01-03T14:37:00Z,bill_payment,mobile,under_25,20,2,6.58,false,0.727,0,1
2025-01-03T14:54:00Z,deposit,mobile,500_to_999,21,3,22.41,false,0.335,0,0
2025-01-03T15:11:00Z,internal_transfer,web,1000_to_2499,0,2,12.22,false,0.025,0,0
2025-01-03T15:28:00Z,bill_payment,atm,100_to_499,18,1,92.20,false,0.374,0,0
2025-01-03T15:45:00Z,bill_payment,branch_assisted,25_to_99,22,4,3.07,false,0.459,0,1
2025-01-03T16:02:00Z,debit_purchase,web,under_25,8,2,11.24,false,0.442,0,1
2025-01-03T16:19:00Z,debit_purchase,mobile,25_to_99,10,3,88.74,false,0.275,0,0
2025-01-03T16:36:00Z,bill_payment,mobile,25_to_99,4,1,1.83,false,0.350,0,1
2025-01-03T16:53:00Z,bill_payment,atm,100_to_499,21,2,3.02,false,0.073,0,1
2025-01-03T17:10:00Z,bill_payment,mobile,100_to_499,4,1,25.66,true,0.168,0,0
2025-01-03T17:27:00Z,debit_purchase,mobile,25_to_99,23,4,54.88,false,0.230,0,0
2025-01-03T17:44:00Z,debit_purchase,mobile,under_25,16,0,42.36,false,0.277,0,0
2025-01-03T18:01:00Z,external_transfer,web,100_to_499,15,2,54.83,false,0.185,0,0
2025-01-03T18:18:00Z,debit_purchase,branch_assisted,100_to_499,12,2,1.57,false,0.451,0,0
2025-01-03T18:35:00Z,atm_withdrawal,branch_assisted,100_to_499,14,3,66.31,true,0.235,0,0
2025-01-03T18:52:00Z,deposit,atm,under_25,9,4,53.46,false,0.118,1,0
2025-01-03T19:09:00Z,debit_purchase,mobile,500_to_999,17,4,15.15,false,0.230,0,0
2025-01-03T19:26:00Z,internal_transfer,branch_assisted,25_to_99,16,2,7.73,false,0.161,0,0
2025-01-03T19:43:00Z,atm_withdrawal,mobile,100_to_499,18,1,10.04,false,0.248,0,0
2025-01-03T20:00:00Z,debit_purchase,mobile,500_to_999,12,3,6.89,false,0.651,0,0
2025-01-03T20:17:00Z,debit_purchase,mobile,100_to_499,3,1,17.25,false,0.218,1,0
2025-01-03T20:34:00Z,deposit,web,under_25,21,1,15.28,false,0.344,0,0
2025-01-03T20:51:00Z,external_transfer,mobile,100_to_499,16,3,17.07,false,0.319,0,0
2025-01-03T21:08:00Z,debit_purchase,mobile,25_to_99,14,3,4.40,false,0.093,0,0
2025-01-03T21:25:00Z,atm_withdrawal,atm,2500_plus,13,6,46.36,false,0.333,1,1
2025-01-03T21:42:00Z,debit_purchase,atm,100_to_499,8,4,23.50,false,0.340,0,0
2025-01-03T21:59:00Z,external_transfer,mobile,25_to_99,6,3,18.40,false,0.150,1,0
2025-01-03T22:16:00Z,debit_purchase,branch_assisted,100_to_499,4,4,44.97,false,0.278,0,0
2025-01-03T22:33:00Z,internal_transfer,atm,under_25,7,2,19.06,false,0.180,0,0
2025-01-03T22:50:00Z,atm_withdrawal,web,25_to_99,3,2,9.62,false,0.431,1,0
2025-01-03T23:07:00Z,internal_transfer,branch_assisted,under_25,6,3,64.71,false,0.184,1,0
2025-01-03T23:24:00Z,bill_payment,mobile,100_to_499,23,1,26.46,false,0.315,0,0
2025-01-03T23:41:00Z,bill_payment,web,under_25,5,1,65.17,false,0.281,0,0
2025-01-03T23:58:00Z,internal_transfer,web,25_to_99,15,1,10.47,false,0.491,1,1
2025-01-04T00:15:00Z,internal_transfer,web,100_to_499,8,3,40.59,false,0.097,1,1
2025-01-04T00:32:00Z,external_transfer,mobile,100_to_499,9,1,27.76,false,0.186,2,1
2025-01-04T00:49:00Z,atm_withdrawal,mobile,500_to_999,4,1,5.06,false,0.250,1,0
2025-01-04T01:06:00Z,external_transfer,web,under_25,4,2,10.74,false,0.421,3,1
2025-01-04T01:23:00Z,deposit,mobile,500_to_999,2,2,48.91,true,0.215,1,0
2025-01-04T01:40:00Z,debit_purchase,mobile,25_to_99,17,0,76.72,false,0.282,0,1
2025-01-04T01:57:00Z,internal_transfer,branch_assisted,25_to_99,5,1,108.90,false,0.456,1,0
2025-01-04T02:14:00Z,atm_withdrawal,branch_assisted,25_to_99,22,2,9.27,true,0.631,0,1
2025-01-04T02:31:00Z,external_transfer,mobile,25_to_99,16,1,1.77,false,0.532,0,0
2025-01-04T02:48:00Z,bill_payment,branch_assisted,1000_to_2499,22,2,52.01,false,0.580,1,1
2025-01-04T03:05:00Z,bill_payment,mobile,25_to_99,0,3,14.70,false,0.172,0,0
2025-01-04T03:22:00Z,debit_purchase,mobile,100_to_499,10,0,28.77,false,0.614,2,1
2025-01-04T03:39:00Z,atm_withdrawal,web,100_to_499,0,1,85.36,false,0.442,0,0
2025-01-04T03:56:00Z,atm_withdrawal,web,500_to_999,23,4,36.40,false,0.049,2,1
2025-01-04T04:13:00Z,debit_purchase,mobile,under_25,2,3,2.21,false,0.084,0,0
2025-01-04T04:30:00Z,debit_purchase,mobile,100_to_499,13,2,42.04,false,0.272,0,0
2025-01-04T04:47:00Z,atm_withdrawal,mobile,under_25,19,2,37.89,false,0.411,2,1
2025-01-04T05:04:00Z,debit_purchase,branch_assisted,1000_to_2499,6,0,45.66,false,0.050,1,0
2025-01-04T05:21:00Z,atm_withdrawal,mobile,2500_plus,6,1,5.60,true,0.164,2,0
2025-01-04T05:38:00Z,atm_withdrawal,atm,100_to_499,6,1,109.21,false,0.709,0,0
2025-01-04T05:55:00Z,internal_transfer,web,2500_plus,5,1,20.58,false,0.280,2,0
2025-01-04T06:12:00Z,internal_transfer,mobile,25_to_99,17,3,12.69,false,0.143,0,1
2025-01-04T06:29:00Z,external_transfer,branch_assisted,under_25,22,4,19.26,false,0.126,0,0
2025-01-04T06:46:00Z,debit_purchase,mobile,100_to_499,13,2,18.06,false,0.197,0,0
2025-01-04T07:03:00Z,debit_purchase,web,100_to_499,0,4,10.60,false,0.185,0,0
2025-01-04T07:20:00Z,atm_withdrawal,mobile,under_25,1,3,5.08,false,0.536,0,0
2025-01-04T07:37:00Z,external_transfer,mobile,25_to_99,1,1,22.73,false,0.162,1,1
2025-01-04T07:54:00Z,debit_purchase,mobile,25_to_99,5,2,110.91,false,0.246,0,0
2025-01-04T08:11:00Z,internal_transfer,mobile,100_to_499,18,2,20.04,true,0.288,1,1
2025-01-04T08:28:00Z,deposit,web,25_to_99,12,2,68.08,false,0.165,0,0
2025-01-04T08:45:00Z,debit_purchase,mobile,under_25,1,2,46.78,false,0.265,0,0
2025-01-04T09:02:00Z,external_transfer,mobile,under_25,11,1,36.58,false,0.039,0,0
2025-01-04T09:19:00Z,bill_payment,mobile,100_to_499,21,4,12.35,true,0.317,1,0
2025-01-04T09:36:00Z,atm_withdrawal,mobile,under_25,16,6,4.17,false,0.547,0,0
2025-01-04T09:53:00Z,bill_payment,web,under_25,2,1,50.78,true,0.647,0,0
2025-01-04T10:10:00Z,bill_payment,mobile,100_to_499,14,4,89.11,false,0.558,0,1
2025-01-04T10:27:00Z,bill_payment,mobile,100_to_499,11,6,1.61,false,0.090,0,1
2025-01-04T10:44:00Z,debit_purchase,web,500_to_999,15,3,196.83,false,0.149,1,1
2025-01-04T11:01:00Z,debit_purchase,web,100_to_499,16,5,62.23,false,0.230,0,1
2025-01-04T11:18:00Z,debit_purchase,mobile,under_25,11,0,44.49,false,0.145,0,1
2025-01-04T11:35:00Z,bill_payment,mobile,1000_to_2499,9,3,25.35,false,0.337,1,0
2025-01-04T11:52:00Z,external_transfer,web,100_to_499,7,2,23.97,false,0.464,0,0
2025-01-04T12:09:00Z,atm_withdrawal,web,100_to_499,8,3,55.69,false,0.391,0,1
2025-01-04T12:26:00Z,internal_transfer,web,under_25,23,3,16.75,false,0.054,0,0
2025-01-04T12:43:00Z,internal_transfer,mobile,25_to_99,17,0,31.61,false,0.249,0,0
2025-01-04T13:00:00Z,debit_purchase,web,100_to_499,5,2,37.98,true,0.519,0,1
2025-01-04T13:17:00Z,external_transfer,web,100_to_499,12,3,41.15,true,0.187,0,0
2025-01-04T13:34:00Z,debit_purchase,branch_assisted,100_to_499,10,4,8.17,false,0.279,1,0
2025-01-04T13:51:00Z,internal_transfer,atm,25_to_99,2,2,52.86,false,0.408,0,0
2025-01-04T14:08:00Z,bill_payment,mobile,100_to_499,20,2,7.08,false,0.201,0,0
2025-01-04T14:25:00Z,internal_transfer,atm,1000_to_2499,20,1,106.84,false,0.234,0,0
2025-01-04T14:42:00Z,atm_withdrawal,mobile,under_25,12,3,74.97,true,0.159,0,0
2025-01-04T14:59:00Z,internal_transfer,mobile,500_to_999,0,1,3.71,false,0.056,0,0
2025-01-04T15:16:00Z,atm_withdrawal,mobile,500_to_999,5,2,8.73,false,0.522,0,0
2025-01-04T15:33:00Z,debit_purchase,atm,500_to_999,2,3,14.06,false,0.297,0,0
2025-01-04T15:50:00Z,internal_transfer,web,100_to_499,1,1,9.77,false,0.423,0,0
2025-01-04T16:07:00Z,debit_purchase,mobile,1000_to_2499,16,1,26.68,true,0.370,0,0
2025-01-04T16:24:00Z,atm_withdrawal,branch_assisted,100_to_499,15,3,65.50,false,0.163,2,0
2025-01-04T16:41:00Z,external_transfer,mobile,500_to_999,14,2,48.16,false,0.306,1,0
2025-01-04T16:58:00Z,internal_transfer,web,under_25,1,1,1.84,true,0.140,0,0
2025-01-04T17:15:00Z,atm_withdrawal,atm,under_25,4,0,3.75,false,0.178,1,0
2025-01-04T17:32:00Z,debit_purchase,mobile,1000_to_2499,9,1,20.87,false,0.335,1,0
2025-01-04T17:49:00Z,bill_payment,web,25_to_99,20,3,1.68,false,0.168,0,1
2025-01-04T18:06:00Z,atm_withdrawal,atm,under_25,5,4,17.36,false,0.310,0,0
2025-01-04T18:23:00Z,atm_withdrawal,web,under_25,19,3,30.32,false,0.190,0,0
2025-01-04T18:40:00Z,atm_withdrawal,web,25_to_99,19,2,41.79,false,0.327,0,0
2025-01-04T18:57:00Z,bill_payment,mobile,100_to_499,15,2,25.30,false,0.140,0,1
2025-01-04T19:14:00Z,atm_withdrawal,mobile,25_to_99,5,2,40.23,false,0.274,0,0
2025-01-04T19:31:00Z,debit_purchase,mobile,under_25,19,3,86.06,false,0.364,2,1
2025-01-04T19:48:00Z,external_transfer,mobile,under_25,4,4,16.13,false,0.571,0,0
2025-01-04T20:05:00Z,debit_purchase,mobile,100_to_499,22,3,74.57,true,0.278,0,0
2025-01-04T20:22:00Z,debit_purchase,mobile,100_to_499,14,2,28.13,false,0.034,0,0
2025-01-04T20:39:00Z,external_transfer,mobile,500_to_999,0,2,16.59,false,0.070,0,0
2025-01-04T20:56:00Z,bill_payment,web,100_to_499,11,1,19.13,true,0.490,0,0
2025-01-04T21:13:00Z,internal_transfer,atm,100_to_499,12,3,10.60,false,0.064,0,0
2025-01-04T21:30:00Z,internal_transfer,branch_assisted,100_to_499,4,2,54.05,false,0.458,0,0
2025-01-04T21:47:00Z,internal_transfer,mobile,500_to_999,21,2,55.53,false,0.258,2,0
2025-01-04T22:04:00Z,debit_purchase,branch_assisted,500_to_999,21,3,7.58,false,0.375,2,0
2025-01-04T22:21:00Z,bill_payment,mobile,under_25,21,1,144.80,false,0.232,0,0
2025-01-04T22:38:00Z,deposit,branch_assisted,25_to_99,12,1,34.58,false,0.309,0,0
2025-01-04T22:55:00Z,debit_purchase,atm,100_to_499,3,2,3.36,false,0.243,0,0
2025-01-04T23:12:00Z,deposit,mobile,500_to_999,19,2,15.85,false,0.303,0,0
2025-01-04T23:29:00Z,internal_transfer,mobile,100_to_499,19,3,44.65,false,0.527,0,1
2025-01-04T23:46:00Z,atm_withdrawal,web,100_to_499,10,1,3.12,false,0.326,1,0
2025-01-05T00:03:00Z,debit_purchase,mobile,2500_plus,21,1,11.67,false,0.111,1,0
2025-01-05T00:20:00Z,bill_payment,mobile,100_to_499,5,1,20.11,false,0.283,1,0
2025-01-05T00:37:00Z,debit_purchase,web,25_to_99,14,3,49.52,false,0.501,1,1
2025-01-05T00:54:00Z,internal_transfer,branch_assisted,500_to_999,11,1,17.43,true,0.146,0,0
2025-01-05T01:11:00Z,deposit,web,25_to_99,19,4,101.21,false,0.597,0,0
2025-01-05T01:28:00Z,internal_transfer,web,under_25,6,3,15.07,false,0.488,0,1
2025-01-05T01:45:00Z,debit_purchase,web,500_to_999,20,2,17.14,false,0.115,0,0
2025-01-05T02:02:00Z,bill_payment,mobile,25_to_99,4,3,8.92,false,0.096,0,0
2025-01-05T02:19:00Z,debit_purchase,mobile,25_to_99,22,0,88.34,false,0.112,0,0
2025-01-05T02:36:00Z,atm_withdrawal,web,25_to_99,17,3,15.82,false,0.393,1,1
2025-01-05T02:53:00Z,internal_transfer,mobile,1000_to_2499,10,1,311.71,false,0.199,0,0
2025-01-05T03:10:00Z,external_transfer,web,500_to_999,1,3,12.33,false,0.101,2,1
2025-01-05T03:27:00Z,deposit,mobile,25_to_99,10,1,39.27,false,0.113,0,0
2025-01-05T03:44:00Z,bill_payment,mobile,500_to_999,19,2,31.60,false,0.373,1,0
2025-01-05T04:01:00Z,debit_purchase,mobile,25_to_99,10,3,50.27,false,0.044,0,0
2025-01-05T04:18:00Z,deposit,mobile,500_to_999,8,1,18.03,false,0.608,0,0
2025-01-05T04:35:00Z,debit_purchase,branch_assisted,2500_plus,18,3,59.30,false,0.318,0,0
2025-01-05T04:52:00Z,internal_transfer,web,100_to_499,18,2,7.31,false,0.185,2,1
2025-01-05T05:09:00Z,atm_withdrawal,web,100_to_499,22,1,28.80,false,0.163,0,0
2025-01-05T05:26:00Z,internal_transfer,mobile,2500_plus,10,4,12.61,false,0.344,2,0
2025-01-05T05:43:00Z,debit_purchase,web,25_to_99,20,2,16.74,true,0.209,0,1
2025-01-05T06:00:00Z,bill_payment,web,under_25,10,1,28.55,false,0.042,0,0
2025-01-05T06:17:00Z,bill_payment,web,under_25,11,0,88.00,false,0.515,0,0
2025-01-05T06:34:00Z,internal_transfer,mobile,1000_to_2499,4,0,34.09,false,0.250,0,1
2025-01-05T06:51:00Z,debit_purchase,branch_assisted,under_25,10,2,15.52,false,0.034,1,0
2025-01-05T07:08:00Z,deposit,atm,25_to_99,6,1,35.44,false,0.050,1,0
2025-01-05T07:25:00Z,debit_purchase,atm,25_to_99,2,5,5.21,false,0.258,0,0
2025-01-05T07:42:00Z,debit_purchase,mobile,under_25,10,4,22.10,false,0.337,0,0
2025-01-05T07:59:00Z,internal_transfer,web,100_to_499,19,5,67.28,false,0.182,1,1
2025-01-05T08:16:00Z,deposit,mobile,2500_plus,15,5,8.40,false,0.373,0,1
2025-01-05T08:33:00Z,internal_transfer,mobile,1000_to_2499,17,4,103.43,false,0.337,0,1
2025-01-05T08:50:00Z,debit_purchase,mobile,25_to_99,7,5,11.14,false,0.265,1,0
2025-01-05T09:07:00Z,bill_payment,mobile,2500_plus,23,2,86.25,false,0.585,0,0
2025-01-05T09:24:00Z,debit_purchase,branch_assisted,100_to_499,4,2,20.34,false,0.147,0,0
2025-01-05T09:41:00Z,bill_payment,mobile,under_25,16,5,57.04,false,0.444,1,0
2025-01-05T09:58:00Z,external_transfer,mobile,1000_to_2499,18,2,44.31,false,0.285,0,0
2025-01-05T10:15:00Z,debit_purchase,web,under_25,18,2,58.41,false,0.229,0,0
2025-01-05T10:32:00Z,external_transfer,mobile,25_to_99,15,2,103.06,false,0.185,0,0
2025-01-05T10:49:00Z,debit_purchase,web,under_25,8,2,43.78,false,0.397,0,0
2025-01-05T11:06:00Z,deposit,web,25_to_99,7,4,48.31,false,0.176,0,0
2025-01-05T11:23:00Z,debit_purchase,web,100_to_499,4,4,20.87,false,0.506,0,1
2025-01-05T11:40:00Z,deposit,mobile,under_25,22,2,35.36,false,0.008,0,0
2025-01-05T11:57:00Z,debit_purchase,mobile,25_to_99,23,0,5.14,false,0.507,0,0
2025-01-05T12:14:00Z,internal_transfer,mobile,under_25,10,1,145.80,false,0.352,0,0
2025-01-05T12:31:00Z,internal_transfer,mobile,under_25,0,6,63.52,false,0.504,0,1
2025-01-05T12:48:00Z,bill_payment,mobile,100_to_499,10,2,43.18,false,0.421,0,0
2025-01-05T13:05:00Z,external_transfer,web,2500_plus,0,6,19.80,true,0.335,0,1
2025-01-05T13:22:00Z,deposit,mobile,1000_to_2499,9,2,70.32,false,0.571,1,1
2025-01-05T13:39:00Z,bill_payment,web,25_to_99,16,0,95.83,false,0.579,0,1
2025-01-05T13:56:00Z,debit_purchase,branch_assisted,25_to_99,17,5,0.97,false,0.376,0,0
2025-01-05T14:13:00Z,debit_purchase,mobile,25_to_99,0,1,13.39,false,0.288,0,0
2025-01-05T14:30:00Z,bill_payment,mobile,under_25,12,3,62.59,false,0.263,0,0
2025-01-05T14:47:00Z,external_transfer,mobile,under_25,17,1,221.23,false,0.122,1,0
2025-01-05T15:04:00Z,atm_withdrawal,web,500_to_999,23,0,43.48,false,0.120,1,0
2025-01-05T15:21:00Z,debit_purchase,mobile,25_to_99,12,4,140.31,false,0.519,0,0
2025-01-05T15:38:00Z,debit_purchase,mobile,100_to_499,2,3,31.16,false,0.307,0,0
2025-01-05T15:55:00Z,external_transfer,mobile,2500_plus,8,3,13.73,false,0.500,0,0
2025-01-05T16:12:00Z,atm_withdrawal,branch_assisted,25_to_99,20,1,16.23,false,0.292,0,0
2025-01-05T16:29:00Z,bill_payment,mobile,100_to_499,23,3,32.48,false,0.290,0,0
2025-01-05T16:46:00Z,external_transfer,mobile,25_to_99,1,3,76.46,false,0.306,0,1
2025-01-05T17:03:00Z,internal_transfer,branch_assisted,under_25,12,1,24.66,false,0.122,0,0
2025-01-05T17:20:00Z,atm_withdrawal,web,under_25,21,3,37.71,false,0.327,0,0
2025-01-05T17:37:00Z,debit_purchase,branch_assisted,25_to_99,16,4,14.54,false,0.274,0,0
2025-01-05T17:54:00Z,debit_purchase,branch_assisted,under_25,14,0,4.87,false,0.197,0,1
2025-01-05T18:11:00Z,debit_purchase,branch_assisted,25_to_99,17,2,114.37,false,0.308,0,0
2025-01-05T18:28:00Z,bill_payment,mobile,25_to_99,6,4,17.52,false,0.447,0,1
2025-01-05T18:45:00Z,internal_transfer,mobile,1000_to_2499,21,2,25.42,false,0.206,1,1
2025-01-05T19:02:00Z,bill_payment,web,under_25,12,1,7.15,false,0.122,0,0
2025-01-05T19:19:00Z,deposit,atm,25_to_99,11,3,0.81,true,0.367,0,0
2025-01-05T19:36:00Z,debit_purchase,atm,2500_plus,4,1,11.03,false,0.400,0,0
2025-01-05T19:53:00Z,bill_payment,mobile,1000_to_2499,14,4,4.95,false,0.298,0,1
2025-01-05T20:10:00Z,internal_transfer,web,100_to_499,6,1,89.78,false,0.071,0,0
2025-01-05T20:27:00Z,bill_payment,mobile,25_to_99,13,2,9.78,false,0.144,0,1
2025-01-05T20:44:00Z,bill_payment,mobile,100_to_499,5,2,3.11,false,0.090,0,0
2025-01-05T21:01:00Z,atm_withdrawal,web,100_to_499,19,1,54.67,true,0.123,0,0
2025-01-05T21:18:00Z,debit_purchase,atm,25_to_99,3,2,47.40,false,0.168,0,0
2025-01-05T21:35:00Z,internal_transfer,web,25_to_99,12,4,67.90,false,0.316,1,0
2025-01-05T21:52:00Z,bill_payment,mobile,100_to_499,13,2,20.53,false,0.355,0,0
2025-01-05T22:09:00Z,atm_withdrawal,web,100_to_499,7,0,10.14,false,0.299,0,1
2025-01-05T22:26:00Z,debit_purchase,branch_assisted,under_25,21,3,99.69,true,0.227,1,0
2025-01-05T22:43:00Z,atm_withdrawal,atm,100_to_499,20,2,98.95,false,0.374,0,0
2025-01-05T23:00:00Z,internal_transfer,mobile,1000_to_2499,0,4,7.19,false,0.075,1,0
2025-01-05T23:17:00Z,internal_transfer,mobile,500_to_999,1,1,0.55,false,0.199,0,0
2025-01-05T23:34:00Z,bill_payment,mobile,100_to_499,14,1,174.68,true,0.093,1,0
2025-01-05T23:51:00Z,deposit,mobile,25_to_99,21,1,49.24,false,0.299,0,0
2025-01-06T00:08:00Z,debit_purchase,mobile,under_25,7,4,247.21,false,0.712,0,0
2025-01-06T00:25:00Z,internal_transfer,mobile,under_25,4,2,258.20,false,0.385,1,0
2025-01-06T00:42:00Z,atm_withdrawal,branch_assisted,under_25,12,2,5.70,false,0.240,3,1
2025-01-06T00:59:00Z,deposit,mobile,under_25,11,3,9.91,false,0.177,1,1
2025-01-06T01:16:00Z,internal_transfer,web,100_to_499,11,5,47.24,false,0.129,0,0
2025-01-06T01:33:00Z,internal_transfer,atm,under_25,23,2,21.23,false,0.538,0,0
2025-01-06T01:50:00Z,bill_payment,mobile,100_to_499,21,3,8.13,false,0.367,1,1
2025-01-06T02:07:00Z,bill_payment,mobile,100_to_499,6,5,21.31,false,0.126,1,1
2025-01-06T02:24:00Z,debit_purchase,branch_assisted,500_to_999,3,5,19.43,false,0.037,0,0
2025-01-06T02:41:00Z,debit_purchase,web,2500_plus,14,4,8.82,false,0.369,0,0
2025-01-06T02:58:00Z,bill_payment,atm,25_to_99,8,0,9.48,false,0.223,1,0
2025-01-06T03:15:00Z,internal_transfer,atm,1000_to_2499,8,0,3.02,false,0.369,0,0
2025-01-06T03:32:00Z,debit_purchase,atm,under_25,2,3,45.16,false,0.675,0,1
2025-01-06T03:49:00Z,atm_withdrawal,mobile,25_to_99,10,3,43.61,false,0.166,0,0
2025-01-06T04:06:00Z,debit_purchase,web,500_to_999,2,4,18.06,false,0.177,0,0
2025-01-06T04:23:00Z,internal_transfer,mobile,under_25,16,0,16.17,false,0.157,0,0
2025-01-06T04:40:00Z,bill_payment,mobile,100_to_499,3,2,108.88,false,0.422,0,0
2025-01-06T04:57:00Z,atm_withdrawal,web,25_to_99,14,3,33.94,false,0.323,0,0
2025-01-06T05:14:00Z,deposit,mobile,25_to_99,8,2,10.71,false,0.015,0,0
2025-01-06T05:31:00Z,debit_purchase,web,100_to_499,14,4,6.61,false,0.270,1,0
2025-01-06T05:48:00Z,bill_payment,mobile,1000_to_2499,16,4,17.53,false,0.532,0,0
2025-01-06T06:05:00Z,atm_withdrawal,mobile,500_to_999,2,5,60.70,false,0.254,0,0
2025-01-06T06:22:00Z,external_transfer,branch_assisted,100_to_499,6,4,10.54,false,0.536,0,1
2025-01-06T06:39:00Z,debit_purchase,web,500_to_999,1,0,13.63,false,0.207,0,0
2025-01-06T06:56:00Z,external_transfer,mobile,25_to_99,20,4,5.00,false,0.322,0,0
2025-01-06T07:13:00Z,deposit,mobile,100_to_499,12,3,49.90,false,0.229,0,0
2025-01-06T07:30:00Z,internal_transfer,mobile,100_to_499,11,3,121.17,true,0.310,0,1
2025-01-06T07:47:00Z,debit_purchase,mobile,under_25,22,1,41.51,false,0.668,0,1
2025-01-06T08:04:00Z,bill_payment,branch_assisted,2500_plus,17,4,75.60,false,0.472,0,0
2025-01-06T08:21:00Z,debit_purchase,mobile,500_to_999,16,3,110.05,false,0.343,0,0
2025-01-06T08:38:00Z,atm_withdrawal,mobile,under_25,11,6,28.35,false,0.252,0,0
2025-01-06T08:55:00Z,bill_payment,mobile,1000_to_2499,17,4,11.20,true,0.460,1,1
2025-01-06T09:12:00Z,internal_transfer,mobile,1000_to_2499,5,1,18.01,true,0.223,0,0
2025-01-06T09:29:00Z,debit_purchase,branch_assisted,100_to_499,13,1,50.48,false,0.172,0,0
2025-01-06T09:46:00Z,internal_transfer,web,under_25,22,3,136.32,false,0.268,3,1
2025-01-06T10:03:00Z,bill_payment,atm,25_to_99,5,6,8.37,true,0.224,2,1
2025-01-06T10:20:00Z,debit_purchase,atm,under_25,12,1,37.65,false,0.518,0,0
2025-01-06T10:37:00Z,debit_purchase,web,100_to_499,16,2,3.91,false,0.412,0,1
2025-01-06T10:54:00Z,bill_payment,mobile,100_to_499,13,2,63.53,false,0.307,0,1
2025-01-06T11:11:00Z,external_transfer,web,25_to_99,6,3,7.59,false,0.295,0,0
2025-01-06T11:28:00Z,external_transfer,mobile,25_to_99,7,3,50.35,false,0.287,0,0
2025-01-06T11:45:00Z,debit_purchase,web,under_25,19,0,26.69,false,0.190,0,0
2025-01-06T12:02:00Z,debit_purchase,mobile,100_to_499,17,4,65.17,false,0.357,0,0
2025-01-06T12:19:00Z,debit_purchase,web,25_to_99,11,4,49.41,false,0.346,1,0
2025-01-06T12:36:00Z,debit_purchase,atm,under_25,5,2,5.56,false,0.379,1,0
2025-01-06T12:53:00Z,atm_withdrawal,mobile,25_to_99,23,3,22.74,false,0.091,1,0
2025-01-06T13:10:00Z,bill_payment,atm,100_to_499,14,1,116.89,false,0.187,0,0
2025-01-06T13:27:00Z,debit_purchase,atm,25_to_99,20,2,38.25,false,0.086,0,0
2025-01-06T13:44:00Z,atm_withdrawal,atm,100_to_499,0,2,82.95,true,0.223,2,1
2025-01-06T14:01:00Z,deposit,web,100_to_499,20,1,80.62,false,0.459,0,1
2025-01-06T14:18:00Z,debit_purchase,mobile,25_to_99,12,3,28.63,false,0.102,1,0
2025-01-06T14:35:00Z,debit_purchase,mobile,1000_to_2499,14,2,60.37,true,0.108,0,0
2025-01-06T14:52:00Z,internal_transfer,branch_assisted,100_to_499,10,1,22.38,false,0.306,0,1
2025-01-06T15:09:00Z,debit_purchase,mobile,100_to_499,19,6,11.71,false,0.307,0,1
2025-01-06T15:26:00Z,internal_transfer,mobile,100_to_499,17,3,174.55,false,0.327,0,0
2025-01-06T15:43:00Z,debit_purchase,mobile,25_to_99,12,3,8.20,false,0.036,0,1
2025-01-06T16:00:00Z,debit_purchase,web,25_to_99,17,4,51.67,false,0.212,0,1
2025-01-06T16:17:00Z,bill_payment,mobile,500_to_999,1,1,1.07,false,0.183,0,0
2025-01-06T16:34:00Z,debit_purchase,branch_assisted,under_25,1,3,11.30,false,0.217,1,0
2025-01-06T16:51:00Z,bill_payment,web,2500_plus,17,1,55.50,false,0.103,0,0
2025-01-06T17:08:00Z,atm_withdrawal,atm,100_to_499,4,1,25.83,false,0.462,2,0
2025-01-06T17:25:00Z,debit_purchase,branch_assisted,25_to_99,5,0,10.26,true,0.480,0,0
2025-01-06T17:42:00Z,external_transfer,mobile,under_25,1,2,1.51,false,0.255,0,0
2025-01-06T17:59:00Z,debit_purchase,branch_assisted,100_to_499,19,1,138.29,false,0.070,0,0
2025-01-06T18:16:00Z,internal_transfer,mobile,100_to_499,22,2,21.22,false,0.095,2,0
2025-01-06T18:33:00Z,internal_transfer,web,100_to_499,5,5,11.27,false,0.111,1,0
2025-01-06T18:50:00Z,debit_purchase,mobile,100_to_499,0,1,22.46,false,0.162,1,0
2025-01-06T19:07:00Z,bill_payment,web,1000_to_2499,9,0,32.84,false,0.357,0,0
2025-01-06T19:24:00Z,debit_purchase,mobile,500_to_999,10,3,30.89,false,0.218,0,0
2025-01-06T19:41:00Z,deposit,branch_assisted,under_25,1,5,161.79,false,0.267,0,1
2025-01-06T19:58:00Z,internal_transfer,atm,25_to_99,0,2,12.98,false,0.328,1,0
2025-01-06T20:15:00Z,atm_withdrawal,web,500_to_999,1,0,11.44,false,0.379,1,1
2025-01-06T20:32:00Z,debit_purchase,web,100_to_499,11,4,144.60,false,0.156,0,1
2025-01-06T20:49:00Z,external_transfer,branch_assisted,100_to_499,11,1,268.91,true,0.714,0,1
2025-01-06T21:06:00Z,debit_purchase,web,500_to_999,11,5,2.17,false,0.188,0,1
2025-01-06T21:23:00Z,bill_payment,mobile,25_to_99,17,4,8.87,true,0.265,0,0
2025-01-06T21:40:00Z,internal_transfer,mobile,100_to_499,12,3,14.53,false,0.347,0,0
2025-01-06T21:57:00Z,debit_purchase,mobile,1000_to_2499,14,2,5.63,false,0.266,0,0
2025-01-06T22:14:00Z,atm_withdrawal,mobile,25_to_99,8,2,25.91,false,0.157,0,0
2025-01-06T22:31:00Z,debit_purchase,web,under_25,22,5,0.37,true,0.207,0,0
2025-01-06T22:48:00Z,atm_withdrawal,mobile,under_25,18,1,0.32,false,0.407,0,0
2025-01-06T23:05:00Z,atm_withdrawal,web,500_to_999,16,2,69.15,false,0.369,0,0
2025-01-06T23:22:00Z,debit_purchase,mobile,100_to_499,1,3,48.76,false,0.061,0,0
2025-01-06T23:39:00Z,bill_payment,mobile,100_to_499,0,1,19.23,false,0.072,1,1
2025-01-06T23:56:00Z,atm_withdrawal,mobile,25_to_99,18,5,16.46,false,0.420,0,1
2025-01-07T00:13:00Z,atm_withdrawal,web,500_to_999,13,0,43.09,true,0.065,0,0
2025-01-07T00:30:00Z,deposit,mobile,500_to_999,16,1,21.74,false,0.376,0,0
2025-01-07T00:47:00Z,external_transfer,mobile,under_25,8,5,30.64,false,0.227,0,0
2025-01-07T01:04:00Z,debit_purchase,web,25_to_99,5,2,81.09,false,0.245,2,1
2025-01-07T01:21:00Z,bill_payment,mobile,100_to_499,18,3,40.47,true,0.580,0,0
2025-01-07T01:38:00Z,debit_purchase,mobile,2500_plus,12,2,94.04,true,0.704,0,1
2025-01-07T01:55:00Z,deposit,web,25_to_99,17,3,23.79,false,0.421,1,1
2025-01-07T02:12:00Z,external_transfer,mobile,500_to_999,12,0,28.98,false,0.534,0,0
2025-01-07T02:29:00Z,external_transfer,web,100_to_499,17,2,21.73,false,0.147,0,0
2025-01-07T02:46:00Z,debit_purchase,web,100_to_499,10,3,3.02,false,0.195,0,0
2025-01-07T03:03:00Z,external_transfer,web,25_to_99,18,3,49.06,false,0.215,0,0
2025-01-07T03:20:00Z,internal_transfer,web,25_to_99,15,3,85.86,false,0.251,0,0
2025-01-07T03:37:00Z,debit_purchase,mobile,25_to_99,14,2,1.17,false,0.394,0,0
2025-01-07T03:54:00Z,bill_payment,mobile,500_to_999,4,3,11.52,false,0.422,3,1
2025-01-07T04:11:00Z,debit_purchase,atm,1000_to_2499,3,1,11.78,false,0.453,0,0
2025-01-07T04:28:00Z,atm_withdrawal,web,100_to_499,19,3,23.46,false,0.513,1,1
2025-01-07T04:45:00Z,internal_transfer,atm,100_to_499,3,4,148.57,false,0.607,0,0
2025-01-07T05:02:00Z,debit_purchase,mobile,25_to_99,20,2,40.99,false,0.395,0,0
2025-01-07T05:19:00Z,bill_payment,mobile,1000_to_2499,5,3,66.76,false,0.323,1,0
2025-01-07T05:36:00Z,bill_payment,atm,100_to_499,21,1,8.31,false,0.315,0,0
2025-01-07T05:53:00Z,debit_purchase,mobile,25_to_99,12,3,31.99,false,0.363,0,1
2025-01-07T06:10:00Z,debit_purchase,branch_assisted,25_to_99,5,6,39.35,false,0.120,0,0
2025-01-07T06:27:00Z,bill_payment,branch_assisted,under_25,5,4,21.61,true,0.325,0,0
2025-01-07T06:44:00Z,debit_purchase,branch_assisted,under_25,2,1,0.45,false,0.375,2,0
2025-01-07T07:01:00Z,bill_payment,mobile,25_to_99,7,4,55.68,false,0.205,0,0
2025-01-07T07:18:00Z,external_transfer,branch_assisted,100_to_499,12,6,62.54,true,0.141,0,0
2025-01-07T07:35:00Z,external_transfer,branch_assisted,1000_to_2499,20,1,116.57,false,0.253,1,0
2025-01-07T07:52:00Z,external_transfer,atm,2500_plus,11,3,37.81,false,0.281,0,0
2025-01-07T08:09:00Z,bill_payment,mobile,under_25,9,2,55.79,false,0.135,0,0
2025-01-07T08:26:00Z,debit_purchase,web,25_to_99,23,2,25.29,false,0.303,0,0
2025-01-07T08:43:00Z,debit_purchase,mobile,100_to_499,10,4,30.79,true,0.235,0,0
2025-01-07T09:00:00Z,debit_purchase,web,1000_to_2499,3,7,13.27,true,0.060,1,1
2025-01-07T09:17:00Z,deposit,web,100_to_499,8,4,2.26,false,0.323,0,0
2025-01-07T09:34:00Z,bill_payment,branch_assisted,under_25,21,6,11.59,false,0.510,1,0
2025-01-07T09:51:00Z,deposit,mobile,500_to_999,10,2,171.84,false,0.116,1,1
2025-01-07T10:08:00Z,bill_payment,atm,under_25,20,4,46.80,false,0.133,0,0
2025-01-07T10:25:00Z,internal_transfer,mobile,100_to_499,10,2,32.99,false,0.287,0,1
2025-01-07T10:42:00Z,internal_transfer,web,1000_to_2499,20,1,1.09,false,0.048,0,0
2025-01-07T10:59:00Z,deposit,mobile,500_to_999,1,3,88.85,false,0.185,1,0
2025-01-07T11:16:00Z,deposit,web,500_to_999,20,2,52.23,false,0.138,1,0
2025-01-07T11:33:00Z,debit_purchase,web,25_to_99,6,2,93.15,false,0.311,0,1
2025-01-07T11:50:00Z,bill_payment,mobile,25_to_99,23,2,58.14,false,0.358,0,0
2025-01-07T12:07:00Z,debit_purchase,web,25_to_99,19,4,57.06,false,0.023,0,0
2025-01-07T12:24:00Z,debit_purchase,mobile,1000_to_2499,16,4,53.83,false,0.368,0,0
2025-01-07T12:41:00Z,bill_payment,atm,25_to_99,16,4,71.58,false,0.289,0,0
2025-01-07T12:58:00Z,external_transfer,web,under_25,4,4,16.96,false,0.277,0,0
2025-01-07T13:15:00Z,debit_purchase,mobile,25_to_99,8,1,8.06,false,0.322,3,1
2025-01-07T13:32:00Z,internal_transfer,mobile,under_25,21,3,37.81,true,0.128,0,0
2025-01-07T13:49:00Z,debit_purchase,web,under_25,5,5,20.05,false,0.205,0,0
2025-01-07T14:06:00Z,debit_purchase,mobile,under_25,9,1,11.88,false,0.188,0,0
2025-01-07T14:23:00Z,debit_purchase,web,1000_to_2499,20,1,3.04,true,0.129,1,0
2025-01-07T14:40:00Z,debit_purchase,web,under_25,8,2,199.38,false,0.132,1,1
2025-01-07T14:57:00Z,internal_transfer,web,25_to_99,18,2,74.17,false,0.150,1,0
2025-01-07T15:14:00Z,debit_purchase,mobile,25_to_99,22,1,8.73,false,0.246,1,0
2025-01-07T15:31:00Z,debit_purchase,mobile,25_to_99,11,4,22.00,false,0.483,1,0
2025-01-07T15:48:00Z,bill_payment,atm,under_25,11,4,124.96,true,0.235,1,0
2025-01-07T16:05:00Z,bill_payment,web,500_to_999,0,4,53.28,false,0.296,1,1
2025-01-07T16:22:00Z,bill_payment,mobile,under_25,15,6,9.64,false,0.454,0,0
2025-01-07T16:39:00Z,internal_transfer,mobile,2500_plus,21,3,5.77,false,0.363,1,0
2025-01-07T16:56:00Z,debit_purchase,atm,25_to_99,9,4,89.34,false,0.194,0,0
2025-01-07T17:13:00Z,debit_purchase,mobile,1000_to_2499,19,2,18.07,false,0.116,0,1
2025-01-07T17:30:00Z,debit_purchase,web,1000_to_2499,0,3,49.10,false,0.111,0,1
2025-01-07T17:47:00Z,internal_transfer,mobile,100_to_499,7,1,73.10,true,0.600,0,1
2025-01-07T18:04:00Z,deposit,mobile,25_to_99,22,4,76.16,false,0.432,0,1
2025-01-07T18:21:00Z,internal_transfer,branch_assisted,100_to_499,23,2,31.02,false,0.033,0,0
2025-01-07T18:38:00Z,deposit,web,100_to_499,21,1,13.46,false,0.209,0,0
2025-01-07T18:55:00Z,debit_purchase,web,500_to_999,17,2,65.95,false,0.244,0,0
2025-01-07T19:12:00Z,bill_payment,web,under_25,7,2,11.80,false,0.038,1,0
2025-01-07T19:29:00Z,deposit,web,25_to_99,2,0,32.62,false,0.145,0,1
2025-01-07T19:46:00Z,debit_purchase,web,100_to_499,22,5,15.97,true,0.142,0,0
2025-01-07T20:03:00Z,debit_purchase,mobile,500_to_999,7,6,49.83,false,0.147,0,0
2025-01-07T20:20:00Z,internal_transfer,mobile,25_to_99,6,4,1.96,false,0.399,0,0
2025-01-07T20:37:00Z,external_transfer,mobile,100_to_499,9,4,13.52,false,0.269,1,0
2025-01-07T20:54:00Z,bill_payment,mobile,under_25,13,2,51.48,false,0.495,0,0
2025-01-07T21:11:00Z,debit_purchase,mobile,25_to_99,23,3,10.74,false,0.343,1,0
2025-01-07T21:28:00Z,deposit,mobile,under_25,7,2,24.83,false,0.188,1,0
2025-01-07T21:45:00Z,external_transfer,mobile,25_to_99,9,1,55.58,false,0.340,0,0
2025-01-07T22:02:00Z,deposit,mobile,25_to_99,2,2,34.78,false,0.150,0,1
2025-01-07T22:19:00Z,bill_payment,branch_assisted,500_to_999,15,2,79.20,false,0.342,0,0
2025-01-07T22:36:00Z,debit_purchase,mobile,100_to_499,19,2,56.11,true,0.407,1,0
2025-01-07T22:53:00Z,internal_transfer,web,100_to_499,11,4,19.72,false,0.321,0,0
2025-01-07T23:10:00Z,internal_transfer,atm,25_to_99,11,5,26.22,false,0.338,0,0
2025-01-07T23:27:00Z,bill_payment,branch_assisted,500_to_999,19,3,64.96,false,0.224,0,1
2025-01-07T23:44:00Z,bill_payment,mobile,under_25,5,3,6.63,true,0.485,1,1
2025-01-08T00:01:00Z,external_transfer,mobile,under_25,7,7,21.20,false,0.296,0,1
2025-01-08T00:18:00Z,debit_purchase,mobile,25_to_99,3,1,195.77,false,0.100,0,0
2025-01-08T00:35:00Z,atm_withdrawal,mobile,25_to_99,14,0,63.08,false,0.210,1,0
2025-01-08T00:52:00Z,external_transfer,web,1000_to_2499,9,4,20.47,false,0.188,0,0
2025-01-08T01:09:00Z,bill_payment,web,100_to_499,7,7,7.92,true,0.286,0,0
2025-01-08T01:26:00Z,debit_purchase,branch_assisted,1000_to_2499,19,1,2.70,false,0.498,0,0
2025-01-08T01:43:00Z,external_transfer,mobile,25_to_99,18,1,15.68,false,0.479,0,0
2025-01-08T02:00:00Z,debit_purchase,mobile,2500_plus,12,1,55.35,false,0.165,0,0
2025-01-08T02:17:00Z,atm_withdrawal,mobile,2500_plus,9,2,110.76,false,0.038,0,0
2025-01-08T02:34:00Z,bill_payment,mobile,100_to_499,3,3,44.60,false,0.622,0,0
2025-01-08T02:51:00Z,bill_payment,branch_assisted,100_to_499,3,1,32.11,false,0.248,0,0
2025-01-08T03:08:00Z,debit_purchase,mobile,25_to_99,3,0,79.83,false,0.350,0,0
2025-01-08T03:25:00Z,bill_payment,web,500_to_999,5,1,46.70,false,0.595,0,0
2025-01-08T03:42:00Z,internal_transfer,web,25_to_99,17,1,63.93,false,0.647,0,0
2025-01-08T03:59:00Z,debit_purchase,mobile,25_to_99,19,0,9.23,false,0.296,0,0
2025-01-08T04:16:00Z,bill_payment,mobile,100_to_499,5,1,22.66,false,0.166,2,0
2025-01-08T04:33:00Z,bill_payment,mobile,500_to_999,21,4,8.24,false,0.319,0,0
2025-01-08T04:50:00Z,atm_withdrawal,web,25_to_99,8,4,5.29,false,0.147,0,0
2025-01-08T05:07:00Z,debit_purchase,atm,500_to_999,18,4,74.97,false,0.315,0,0
2025-01-08T05:24:00Z,deposit,mobile,under_25,22,4,10.57,false,0.207,1,1
2025-01-08T05:41:00Z,debit_purchase,web,100_to_499,4,1,14.47,false,0.497,0,1
2025-01-08T05:58:00Z,internal_transfer,web,100_to_499,1,1,108.13,false,0.707,0,0
2025-01-08T06:15:00Z,internal_transfer,mobile,25_to_99,12,3,83.65,false,0.223,0,0
2025-01-08T06:32:00Z,internal_transfer,web,500_to_999,8,1,23.29,false,0.125,0,0
2025-01-08T06:49:00Z,debit_purchase,atm,25_to_99,9,3,11.48,false,0.308,1,1
2025-01-08T07:06:00Z,internal_transfer,mobile,25_to_99,4,2,65.52,false,0.470,1,1
2025-01-08T07:23:00Z,external_transfer,web,25_to_99,5,0,125.92,false,0.663,0,0
2025-01-08T07:40:00Z,internal_transfer,mobile,500_to_999,1,3,122.71,true,0.293,0,0
2025-01-08T07:57:00Z,debit_purchase,mobile,100_to_499,7,4,1.61,true,0.327,0,0
2025-01-08T08:14:00Z,debit_purchase,web,25_to_99,5,1,112.08,false,0.061,1,0
2025-01-08T08:31:00Z,internal_transfer,mobile,under_25,13,2,13.43,false,0.527,0,0
2025-01-08T08:48:00Z,internal_transfer,branch_assisted,25_to_99,11,1,3.46,true,0.414,1,0
2025-01-08T09:05:00Z,external_transfer,mobile,25_to_99,14,0,27.81,false,0.029,1,0
2025-01-08T09:22:00Z,bill_payment,mobile,500_to_999,3,1,13.21,false,0.368,0,0
2025-01-08T09:39:00Z,bill_payment,atm,100_to_499,19,1,2.64,false,0.122,0,0
2025-01-08T09:56:00Z,atm_withdrawal,mobile,500_to_999,9,4,25.48,false,0.466,1,1
2025-01-08T10:13:00Z,debit_purchase,web,under_25,23,2,34.93,false,0.210,0,1
2025-01-08T10:30:00Z,external_transfer,web,25_to_99,17,4,10.29,false,0.299,0,0
2025-01-08T10:47:00Z,debit_purchase,branch_assisted,25_to_99,22,3,12.94,true,0.095,0,0
2025-01-08T11:04:00Z,debit_purchase,mobile,100_to_499,15,4,23.42,false,0.179,0,1
2025-01-08T11:21:00Z,debit_purchase,web,25_to_99,20,3,2.85,false,0.329,0,0
2025-01-08T11:38:00Z,internal_transfer,web,2500_plus,22,6,4.04,true,0.113,0,0
2025-01-08T11:55:00Z,bill_payment,mobile,100_to_499,7,4,23.62,false,0.312,0,0
2025-01-08T12:12:00Z,bill_payment,web,100_to_499,23,3,15.42,false,0.263,0,0
2025-01-08T12:29:00Z,atm_withdrawal,web,25_to_99,9,2,16.03,false,0.191,0,0
2025-01-08T12:46:00Z,atm_withdrawal,mobile,25_to_99,15,3,50.56,true,0.404,1,0
2025-01-08T13:03:00Z,atm_withdrawal,branch_assisted,100_to_499,23,3,163.29,false,0.260,0,1
2025-01-08T13:20:00Z,debit_purchase,web,25_to_99,0,2,94.16,false,0.121,1,0
2025-01-08T13:37:00Z,deposit,web,500_to_999,16,5,11.47,true,0.458,0,1
2025-01-08T13:54:00Z,internal_transfer,atm,100_to_499,2,1,95.60,true,0.188,0,0
2025-01-08T14:11:00Z,external_transfer,mobile,25_to_99,1,4,30.28,false,0.088,0,0
2025-01-08T14:28:00Z,bill_payment,mobile,100_to_499,20,3,5.37,false,0.314,1,0
2025-01-08T14:45:00Z,debit_purchase,mobile,25_to_99,23,1,34.00,false,0.301,1,0
2025-01-08T15:02:00Z,debit_purchase,mobile,under_25,15,1,20.28,false,0.086,1,0
2025-01-08T15:19:00Z,external_transfer,branch_assisted,under_25,10,2,26.18,true,0.481,1,0
2025-01-08T15:36:00Z,atm_withdrawal,web,25_to_99,22,4,195.46,false,0.075,0,0
2025-01-08T15:53:00Z,bill_payment,mobile,100_to_499,17,2,0.50,false,0.306,0,1
2025-01-08T16:10:00Z,debit_purchase,branch_assisted,25_to_99,2,3,38.10,false,0.246,1,0
2025-01-08T16:27:00Z,external_transfer,web,100_to_499,14,2,44.92,false,0.292,1,0
2025-01-08T16:44:00Z,debit_purchase,web,under_25,7,2,22.73,true,0.329,0,0
2025-01-08T17:01:00Z,debit_purchase,mobile,2500_plus,10,3,8.25,false,0.126,0,0
2025-01-08T17:18:00Z,atm_withdrawal,branch_assisted,25_to_99,17,4,30.18,false,0.174,0,0
2025-01-08T17:35:00Z,bill_payment,web,2500_plus,4,2,13.45,false,0.337,2,0
2025-01-08T17:52:00Z,deposit,branch_assisted,2500_plus,21,0,2.51,false,0.116,0,0
2025-01-08T18:09:00Z,deposit,mobile,25_to_99,18,3,127.49,false,0.117,0,0
2025-01-08T18:26:00Z,deposit,web,under_25,17,2,12.31,false,0.404,0,1
2025-01-08T18:43:00Z,internal_transfer,mobile,100_to_499,4,3,151.33,false,0.128,0,1
2025-01-08T19:00:00Z,bill_payment,web,25_to_99,16,3,12.20,false,0.119,0,0
2025-01-08T19:17:00Z,external_transfer,atm,under_25,16,1,44.59,false,0.504,0,1
2025-01-08T19:34:00Z,deposit,web,100_to_499,5,3,12.33,false,0.236,0,0
2025-01-08T19:51:00Z,internal_transfer,mobile,25_to_99,3,5,20.49,false,0.456,0,1
2025-01-08T20:08:00Z,atm_withdrawal,atm,500_to_999,5,2,115.95,false,0.164,0,0
2025-01-08T20:25:00Z,external_transfer,mobile,100_to_499,17,7,89.07,false,0.198,1,0
2025-01-08T20:42:00Z,internal_transfer,mobile,100_to_499,2,2,7.01,true,0.510,0,0
2025-01-08T20:59:00Z,bill_payment,branch_assisted,25_to_99,2,2,113.35,true,0.384,0,0
2025-01-08T21:16:00Z,deposit,mobile,2500_plus,17,0,30.86,false,0.469,0,0
2025-01-08T21:33:00Z,external_transfer,mobile,25_to_99,10,3,18.54,false,0.141,0,0
2025-01-08T21:50:00Z,debit_purchase,mobile,2500_plus,20,1,33.80,false,0.088,1,0
2025-01-08T22:07:00Z,external_transfer,branch_assisted,100_to_499,5,0,63.88,false,0.232,0,0
2025-01-08T22:24:00Z,bill_payment,mobile,100_to_499,19,2,68.45,false,0.098,0,0
2025-01-08T22:41:00Z,external_transfer,atm,100_to_499,14,3,28.04,false,0.197,0,0
2025-01-08T22:58:00Z,external_transfer,mobile,500_to_999,23,0,43.60,false,0.132,0,0
2025-01-08T23:15:00Z,internal_transfer,mobile,25_to_99,9,2,71.41,false,0.252,0,0
2025-01-08T23:32:00Z,external_transfer,mobile,25_to_99,13,1,67.82,false,0.451,1,0
2025-01-08T23:49:00Z,deposit,web,100_to_499,10,1,24.40,false,0.239,1,0
2025-01-09T00:06:00Z,bill_payment,mobile,under_25,4,0,8.04,false,0.401,0,0
2025-01-09T00:23:00Z,deposit,mobile,25_to_99,11,3,105.03,false,0.575,0,0
2025-01-09T00:40:00Z,debit_purchase,atm,2500_plus,16,2,8.48,false,0.126,0,0
2025-01-09T00:57:00Z,external_transfer,atm,25_to_99,18,1,26.70,false,0.055,0,1
2025-01-09T01:14:00Z,debit_purchase,mobile,500_to_999,21,0,20.53,false,0.453,1,1
2025-01-09T01:31:00Z,debit_purchase,mobile,25_to_99,4,4,22.90,false,0.525,1,1
2025-01-09T01:48:00Z,debit_purchase,mobile,under_25,5,3,95.74,false,0.506,0,1
2025-01-09T02:05:00Z,internal_transfer,mobile,25_to_99,2,3,7.98,false,0.204,0,0
2025-01-09T02:22:00Z,atm_withdrawal,mobile,25_to_99,14,5,6.16,false,0.079,0,1
2025-01-09T02:39:00Z,internal_transfer,mobile,100_to_499,3,3,151.33,false,0.427,1,1
2025-01-09T02:56:00Z,internal_transfer,atm,under_25,9,1,123.69,true,0.270,0,0
2025-01-09T03:13:00Z,debit_purchase,branch_assisted,under_25,6,2,13.82,false,0.478,0,0
2025-01-09T03:30:00Z,internal_transfer,mobile,25_to_99,6,1,19.10,false,0.356,2,1
2025-01-09T03:47:00Z,debit_purchase,mobile,25_to_99,18,2,13.32,false,0.317,0,0
2025-01-09T04:04:00Z,atm_withdrawal,web,25_to_99,2,3,31.93,true,0.098,0,1
2025-01-09T04:21:00Z,internal_transfer,mobile,25_to_99,6,7,1.65,false,0.307,0,0
2025-01-09T04:38:00Z,internal_transfer,branch_assisted,25_to_99,1,4,7.66,true,0.576,0,1
2025-01-09T04:55:00Z,internal_transfer,web,under_25,14,5,69.74,false,0.495,0,1
2025-01-09T05:12:00Z,debit_purchase,mobile,25_to_99,15,5,36.41,false,0.033,1,0
2025-01-09T05:29:00Z,debit_purchase,mobile,under_25,12,2,64.85,true,0.666,1,0
2025-01-09T05:46:00Z,debit_purchase,mobile,under_25,13,3,25.19,false,0.279,1,0
2025-01-09T06:03:00Z,internal_transfer,web,25_to_99,13,3,73.03,false,0.346,0,0
2025-01-09T06:20:00Z,bill_payment,mobile,1000_to_2499,13,3,12.09,false,0.549,0,0
2025-01-09T06:37:00Z,internal_transfer,mobile,under_25,17,1,55.80,false,0.320,2,1
2025-01-09T06:54:00Z,debit_purchase,atm,2500_plus,17,4,32.11,false,0.154,0,1
2025-01-09T07:11:00Z,bill_payment,web,25_to_99,4,2,17.99,false,0.151,0,0
2025-01-09T07:28:00Z,bill_payment,mobile,under_25,23,3,24.80,false,0.238,1,1
2025-01-09T07:45:00Z,deposit,mobile,100_to_499,6,2,2.48,true,0.234,0,0
2025-01-09T08:02:00Z,debit_purchase,web,1000_to_2499,13,5,26.88,false,0.214,1,0
2025-01-09T08:19:00Z,debit_purchase,mobile,100_to_499,8,2,66.17,false,0.135,0,0
2025-01-09T08:36:00Z,atm_withdrawal,mobile,500_to_999,11,3,131.45,false,0.349,0,0
2025-01-09T08:53:00Z,debit_purchase,atm,25_to_99,10,1,2.18,false,0.110,1,0
2025-01-09T09:10:00Z,deposit,mobile,500_to_999,3,3,16.08,false,0.333,1,0
2025-01-09T09:27:00Z,atm_withdrawal,web,under_25,17,1,4.96,false,0.140,1,0
2025-01-09T09:44:00Z,debit_purchase,web,500_to_999,1,1,48.50,true,0.185,0,0
2025-01-09T10:01:00Z,debit_purchase,mobile,under_25,16,0,66.20,false,0.201,0,0
2025-01-09T10:18:00Z,atm_withdrawal,mobile,100_to_499,19,2,17.84,false,0.261,0,0
2025-01-09T10:35:00Z,debit_purchase,atm,1000_to_2499,13,4,29.78,false,0.237,0,0
2025-01-09T10:52:00Z,atm_withdrawal,web,100_to_499,20,1,30.92,false,0.228,0,0
2025-01-09T11:09:00Z,deposit,mobile,100_to_499,13,4,13.71,false,0.735,0,0
2025-01-09T11:26:00Z,debit_purchase,mobile,25_to_99,4,2,165.63,false,0.316,0,0
2025-01-09T11:43:00Z,deposit,atm,500_to_999,12,1,7.59,false,0.134,0,0
2025-01-09T12:00:00Z,debit_purchase,mobile,under_25,5,4,53.42,false,0.020,0,0
2025-01-09T12:17:00Z,debit_purchase,mobile,100_to_499,23,4,31.25,false,0.091,0,0
2025-01-09T12:34:00Z,external_transfer,branch_assisted,under_25,21,4,1.77,false,0.651,2,1
2025-01-09T12:51:00Z,atm_withdrawal,mobile,1000_to_2499,6,4,13.24,false,0.107,1,0
2025-01-09T13:08:00Z,debit_purchase,atm,25_to_99,13,1,12.33,false,0.072,0,0
2025-01-09T13:25:00Z,atm_withdrawal,mobile,25_to_99,2,5,8.60,true,0.410,0,0
2025-01-09T13:42:00Z,debit_purchase,web,100_to_499,8,5,10.49,false,0.160,0,0
2025-01-09T13:59:00Z,bill_payment,mobile,500_to_999,15,0,19.81,false,0.317,0,0
2025-01-09T14:16:00Z,atm_withdrawal,mobile,100_to_499,20,1,57.48,true,0.287,0,0
2025-01-09T14:33:00Z,atm_withdrawal,mobile,500_to_999,18,3,12.84,false,0.069,1,1
2025-01-09T14:50:00Z,external_transfer,mobile,100_to_499,6,6,30.66,false,0.112,0,0
2025-01-09T15:07:00Z,deposit,branch_assisted,500_to_999,1,1,129.33,false,0.315,1,0
2025-01-09T15:24:00Z,debit_purchase,mobile,under_25,18,1,0.76,false,0.358,0,0
2025-01-09T15:41:00Z,debit_purchase,branch_assisted,100_to_499,2,3,21.90,false,0.414,2,0
2025-01-09T15:58:00Z,internal_transfer,web,under_25,0,1,45.02,false,0.280,0,0
2025-01-09T16:15:00Z,debit_purchase,web,100_to_499,0,3,5.76,false,0.230,0,1
2025-01-09T16:32:00Z,external_transfer,mobile,1000_to_2499,9,4,0.69,false,0.213,0,1
2025-01-09T16:49:00Z,external_transfer,atm,100_to_499,5,4,4.50,true,0.217,2,1
2025-01-09T17:06:00Z,bill_payment,mobile,2500_plus,10,1,28.48,false,0.347,0,0
2025-01-09T17:23:00Z,atm_withdrawal,mobile,1000_to_2499,9,3,47.37,true,0.323,0,0
2025-01-09T17:40:00Z,bill_payment,atm,25_to_99,5,5,18.48,false,0.112,0,0
2025-01-09T17:57:00Z,deposit,atm,100_to_499,22,3,10.69,false,0.201,0,1
2025-01-09T18:14:00Z,debit_purchase,web,100_to_499,15,3,63.35,false,0.115,0,0
2025-01-09T18:31:00Z,external_transfer,mobile,25_to_99,9,4,72.98,false,0.261,2,1
2025-01-09T18:48:00Z,bill_payment,mobile,1000_to_2499,15,2,1.89,false,0.266,0,0
2025-01-09T19:05:00Z,debit_purchase,mobile,25_to_99,0,2,6.99,false,0.036,1,1
2025-01-09T19:22:00Z,internal_transfer,branch_assisted,100_to_499,2,2,0.69,true,0.242,0,0
2025-01-09T19:39:00Z,internal_transfer,branch_assisted,25_to_99,20,0,4.14,false,0.376,1,0
2025-01-09T19:56:00Z,debit_purchase,mobile,under_25,14,2,91.57,false,0.072,0,0
2025-01-09T20:13:00Z,internal_transfer,web,25_to_99,18,3,20.86,false,0.201,2,1
2025-01-09T20:30:00Z,debit_purchase,web,1000_to_2499,11,4,194.95,false,0.310,0,0
2025-01-09T20:47:00Z,bill_payment,mobile,25_to_99,7,2,29.71,false,0.366,0,0
2025-01-09T21:04:00Z,atm_withdrawal,web,under_25,4,5,34.15,false,0.499,0,1
2025-01-09T21:21:00Z,internal_transfer,web,100_to_499,0,2,159.83,false,0.316,0,1
2025-01-09T21:38:00Z,debit_purchase,mobile,2500_plus,15,4,32.34,false,0.286,0,0
2025-01-09T21:55:00Z,external_transfer,atm,100_to_499,13,4,127.93,false,0.256,1,0
2025-01-09T22:12:00Z,debit_purchase,mobile,under_25,10,1,103.27,false,0.593,0,0
2025-01-09T22:29:00Z,bill_payment,atm,100_to_499,17,1,7.89,false,0.307,0,0
2025-01-09T22:46:00Z,deposit,web,under_25,10,1,162.70,false,0.251,0,0
2025-01-09T23:03:00Z,debit_purchase,mobile,25_to_99,15,1,33.58,true,0.352,0,0
2025-01-09T23:20:00Z,bill_payment,branch_assisted,under_25,9,0,8.50,true,0.346,1,0
2025-01-09T23:37:00Z,bill_payment,web,under_25,1,2,86.97,false,0.084,0,0
2025-01-09T23:54:00Z,debit_purchase,mobile,under_25,2,2,22.85,false,0.239,0,0
2025-01-10T00:11:00Z,internal_transfer,mobile,under_25,3,1,9.62,false,0.320,1,0
2025-01-10T00:28:00Z,bill_payment,mobile,25_to_99,18,1,15.65,false,0.291,1,0
2025-01-10T00:45:00Z,atm_withdrawal,mobile,100_to_499,0,2,13.30,false,0.147,1,0
2025-01-10T01:02:00Z,debit_purchase,mobile,100_to_499,8,2,227.37,false,0.508,0,0
2025-01-10T01:19:00Z,debit_purchase,mobile,500_to_999,21,2,48.51,false,0.020,0,0
2025-01-10T01:36:00Z,bill_payment,mobile,2500_plus,22,3,51.62,false,0.218,0,0
2025-01-10T01:53:00Z,bill_payment,mobile,25_to_99,15,4,9.67,false,0.185,1,0
2025-01-10T02:10:00Z,bill_payment,atm,25_to_99,21,2,14.34,false,0.466,0,1
2025-01-10T02:27:00Z,debit_purchase,mobile,2500_plus,19,1,39.82,false,0.170,0,0
2025-01-10T02:44:00Z,bill_payment,web,500_to_999,1,4,10.69,false,0.361,0,0
2025-01-10T03:01:00Z,external_transfer,mobile,25_to_99,14,3,13.74,false,0.125,0,0
2025-01-10T03:18:00Z,bill_payment,web,under_25,6,2,45.51,false,0.213,0,0
2025-01-10T03:35:00Z,internal_transfer,branch_assisted,25_to_99,6,2,138.55,false,0.521,0,1
2025-01-10T03:52:00Z,debit_purchase,atm,500_to_999,13,1,97.44,false,0.042,1,0
2025-01-10T04:09:00Z,debit_purchase,web,500_to_999,3,3,38.13,false,0.442,0,0
2025-01-10T04:26:00Z,bill_payment,mobile,1000_to_2499,13,2,61.93,false,0.617,1,1
2025-01-10T04:43:00Z,bill_payment,atm,under_25,11,2,159.29,false,0.401,0,0
2025-01-10T05:00:00Z,atm_withdrawal,web,25_to_99,2,4,27.64,false,0.213,0,0
2025-01-10T05:17:00Z,external_transfer,web,25_to_99,13,4,56.82,false,0.291,0,0
2025-01-10T05:34:00Z,debit_purchase,branch_assisted,100_to_499,5,1,3.14,false,0.232,0,0
2025-01-10T05:51:00Z,debit_purchase,mobile,500_to_999,19,2,63.17,false,0.280,0,0
2025-01-10T06:08:00Z,bill_payment,mobile,100_to_499,1,5,7.61,false,0.505,0,1
2025-01-10T06:25:00Z,atm_withdrawal,web,25_to_99,1,1,6.94,false,0.206,0,0
2025-01-10T06:42:00Z,bill_payment,mobile,under_25,0,2,2.39,false,0.059,0,0
2025-01-10T06:59:00Z,debit_purchase,web,25_to_99,20,3,16.99,true,0.129,2,0
2025-01-10T07:16:00Z,atm_withdrawal,mobile,25_to_99,6,2,87.67,false,0.633,1,0
2025-01-10T07:33:00Z,bill_payment,web,100_to_499,13,1,24.92,true,0.148,0,0
2025-01-10T07:50:00Z,bill_payment,mobile,500_to_999,19,4,26.39,false,0.588,0,0
2025-01-10T08:07:00Z,internal_transfer,mobile,1000_to_2499,15,2,32.10,false,0.495,1,0
2025-01-10T08:24:00Z,debit_purchase,web,25_to_99,8,0,5.51,false,0.172,0,0
2025-01-10T08:41:00Z,debit_purchase,web,under_25,4,2,67.94,false,0.289,0,0
2025-01-10T08:58:00Z,debit_purchase,atm,100_to_499,16,3,7.21,false,0.267,0,1
2025-01-10T09:15:00Z,atm_withdrawal,mobile,under_25,16,4,6.81,false,0.136,1,0
2025-01-10T09:32:00Z,bill_payment,mobile,25_to_99,11,2,75.90,false,0.017,0,0
2025-01-10T09:49:00Z,debit_purchase,web,100_to_499,8,4,89.99,false,0.373,0,1
2025-01-10T10:06:00Z,internal_transfer,web,100_to_499,14,3,4.39,false,0.128,0,0
2025-01-10T10:23:00Z,bill_payment,web,100_to_499,8,4,8.50,false,0.263,0,1
2025-01-10T10:40:00Z,bill_payment,web,under_25,1,3,13.52,false,0.146,0,0
2025-01-10T10:57:00Z,debit_purchase,mobile,100_to_499,11,2,12.35,false,0.200,1,0
2025-01-10T11:14:00Z,internal_transfer,web,100_to_499,23,1,24.95,false,0.201,1,0
2025-01-10T11:31:00Z,internal_transfer,web,under_25,6,1,87.51,false,0.496,0,0
2025-01-10T11:48:00Z,bill_payment,web,100_to_499,20,4,7.94,false,0.106,0,0
2025-01-10T12:05:00Z,internal_transfer,web,under_25,17,0,20.60,false,0.463,1,0
2025-01-10T12:22:00Z,internal_transfer,mobile,1000_to_2499,4,1,61.49,false,0.483,0,1
2025-01-10T12:39:00Z,debit_purchase,web,100_to_499,8,3,54.62,true,0.293,0,1
2025-01-10T12:56:00Z,debit_purchase,web,under_25,16,3,2.45,true,0.202,2,0
2025-01-10T13:13:00Z,debit_purchase,web,500_to_999,5,1,81.45,false,0.172,0,1
2025-01-10T13:30:00Z,external_transfer,web,2500_plus,9,3,10.08,false,0.587,0,0
2025-01-10T13:47:00Z,internal_transfer,atm,25_to_99,3,2,52.91,false,0.349,0,0
2025-01-10T14:04:00Z,debit_purchase,mobile,1000_to_2499,15,1,13.86,false,0.591,0,0
2025-01-10T14:21:00Z,debit_purchase,mobile,100_to_499,2,1,260.50,false,0.194,2,1
2025-01-10T14:38:00Z,internal_transfer,mobile,under_25,2,1,26.89,false,0.371,0,0
2025-01-10T14:55:00Z,internal_transfer,mobile,25_to_99,3,2,25.28,false,0.283,0,0
2025-01-10T15:12:00Z,atm_withdrawal,mobile,under_25,14,2,1.61,false,0.487,1,1
2025-01-10T15:29:00Z,internal_transfer,atm,100_to_499,1,1,11.91,false,0.345,2,0
2025-01-10T15:46:00Z,debit_purchase,web,100_to_499,18,1,11.10,false,0.453,0,0
2025-01-10T16:03:00Z,atm_withdrawal,mobile,25_to_99,12,2,47.69,false,0.332,1,0
2025-01-10T16:20:00Z,internal_transfer,web,500_to_999,3,0,62.65,false,0.229,0,0
2025-01-10T16:37:00Z,external_transfer,web,25_to_99,8,0,2.13,false,0.280,1,1
2025-01-10T16:54:00Z,bill_payment,atm,under_25,13,3,40.40,true,0.344,1,1
2025-01-10T17:11:00Z,internal_transfer,atm,100_to_499,1,3,4.13,false,0.341,0,0
2025-01-10T17:28:00Z,atm_withdrawal,mobile,1000_to_2499,19,5,35.41,false,0.157,0,0
2025-01-10T17:45:00Z,internal_transfer,mobile,100_to_499,16,1,7.31,true,0.190,0,0
2025-01-10T18:02:00Z,debit_purchase,web,25_to_99,7,4,11.76,false,0.102,2,0
2025-01-10T18:19:00Z,bill_payment,web,1000_to_2499,10,2,42.51,false,0.860,1,1
2025-01-10T18:36:00Z,internal_transfer,mobile,500_to_999,16,4,9.81,false,0.321,0,0
2025-01-10T18:53:00Z,deposit,branch_assisted,25_to_99,20,3,49.71,false,0.528,0,0
2025-01-10T19:10:00Z,debit_purchase,mobile,100_to_499,14,3,4.80,false,0.041,2,1
2025-01-10T19:27:00Z,internal_transfer,mobile,100_to_499,2,4,54.96,false,0.442,1,1
2025-01-10T19:44:00Z,debit_purchase,mobile,under_25,11,1,9.58,false,0.258,0,0
2025-01-10T20:01:00Z,deposit,branch_assisted,100_to_499,6,2,81.91,false,0.034,0,0
2025-01-10T20:18:00Z,deposit,web,25_to_99,19,4,96.33,true,0.116,0,0
2025-01-10T20:35:00Z,external_transfer,web,under_25,10,2,15.96,false,0.367,0,1
2025-01-10T20:52:00Z,debit_purchase,mobile,1000_to_2499,6,1,40.39,false,0.115,0,0
2025-01-10T21:09:00Z,debit_purchase,web,100_to_499,5,5,0.55,false,0.569,0,1
2025-01-10T21:26:00Z,bill_payment,web,25_to_99,16,3,60.67,false,0.045,0,0
2025-01-10T21:43:00Z,bill_payment,web,25_to_99,9,1,55.86,false,0.467,0,1
2025-01-10T22:00:00Z,debit_purchase,mobile,100_to_499,13,2,27.93,false,0.443,1,1
2025-01-10T22:17:00Z,internal_transfer,mobile,1000_to_2499,22,5,11.17,false,0.251,0,0
2025-01-10T22:34:00Z,atm_withdrawal,mobile,100_to_499,11,3,1.04,true,0.138,0,0
2025-01-10T22:51:00Z,internal_transfer,web,25_to_99,15,4,6.52,true,0.132,0,1
2025-01-10T23:08:00Z,internal_transfer,branch_assisted,100_to_499,15,3,40.89,false,0.184,0,0
2025-01-10T23:25:00Z,debit_purchase,mobile,100_to_499,7,1,107.79,false,0.147,0,0
2025-01-10T23:42:00Z,debit_purchase,web,under_25,22,1,20.16,true,0.257,0,0
2025-01-10T23:59:00Z,external_transfer,mobile,100_to_499,20,2,19.91,false,0.020,0,0
2025-01-11T00:16:00Z,debit_purchase,mobile,500_to_999,19,4,15.39,false,0.142,0,1
2025-01-11T00:33:00Z,deposit,mobile,500_to_999,19,2,1.36,false,0.162,0,0
2025-01-11T00:50:00Z,debit_purchase,mobile,100_to_499,21,4,2.60,false,0.389,0,0
2025-01-11T01:07:00Z,atm_withdrawal,branch_assisted,1000_to_2499,17,4,5.04,false,0.543,1,1
2025-01-11T01:24:00Z,bill_payment,mobile,100_to_499,12,4,114.23,false,0.547,0,1
2025-01-11T01:41:00Z,internal_transfer,web,25_to_99,14,2,43.22,false,0.361,0,1
2025-01-11T01:58:00Z,internal_transfer,mobile,500_to_999,7,1,83.56,false,0.202,2,1
2025-01-11T02:15:00Z,debit_purchase,web,under_25,17,4,25.45,false,0.488,0,0
2025-01-11T02:32:00Z,debit_purchase,mobile,100_to_499,21,3,42.37,false,0.229,0,0
2025-01-11T02:49:00Z,external_transfer,mobile,under_25,14,3,16.22,false,0.194,0,1
2025-01-11T03:06:00Z,debit_purchase,web,100_to_499,22,3,34.05,false,0.279,3,0
2025-01-11T03:23:00Z,debit_purchase,branch_assisted,25_to_99,10,4,127.38,false,0.308,2,0
2025-01-11T03:40:00Z,external_transfer,mobile,25_to_99,17,3,120.72,false,0.087,0,0
2025-01-11T03:57:00Z,bill_payment,branch_assisted,100_to_499,20,0,3.74,false,0.370,1,0
2025-01-11T04:14:00Z,debit_purchase,atm,100_to_499,2,3,5.86,false,0.193,1,1
2025-01-11T04:31:00Z,bill_payment,mobile,500_to_999,4,3,15.50,false,0.370,0,0
2025-01-11T04:48:00Z,debit_purchase,atm,25_to_99,13,6,12.67,false,0.135,1,0
2025-01-11T05:05:00Z,external_transfer,mobile,100_to_499,8,2,9.81,false,0.207,0,0
2025-01-11T05:22:00Z,external_transfer,web,25_to_99,5,3,11.69,false,0.186,0,1
2025-01-11T05:39:00Z,internal_transfer,branch_assisted,under_25,18,3,18.03,false,0.758,0,0
2025-01-11T05:56:00Z,debit_purchase,mobile,25_to_99,4,4,85.44,false,0.135,0,1
2025-01-11T06:13:00Z,deposit,mobile,under_25,4,2,20.46,false,0.620,1,0
2025-01-11T06:30:00Z,debit_purchase,atm,25_to_99,2,5,0.75,false,0.321,0,1
2025-01-11T06:47:00Z,external_transfer,mobile,25_to_99,23,2,42.65,false,0.127,0,0
2025-01-11T07:04:00Z,internal_transfer,atm,25_to_99,16,3,7.36,false,0.268,0,0
2025-01-11T07:21:00Z,debit_purchase,branch_assisted,500_to_999,4,0,35.12,false,0.141,0,0
2025-01-11T07:38:00Z,debit_purchase,mobile,500_to_999,10,2,61.05,false,0.534,1,1
2025-01-11T07:55:00Z,atm_withdrawal,mobile,25_to_99,2,1,4.73,false,0.563,0,1
2025-01-11T08:12:00Z,debit_purchase,mobile,100_to_499,23,2,89.30,false,0.109,1,0
2025-01-11T08:29:00Z,debit_purchase,mobile,100_to_499,18,3,49.02,false,0.324,0,0
2025-01-11T08:46:00Z,internal_transfer,mobile,500_to_999,16,1,28.75,false,0.353,2,0
2025-01-11T09:03:00Z,bill_payment,atm,100_to_499,18,2,38.30,false,0.323,0,1
2025-01-11T09:20:00Z,deposit,mobile,under_25,2,4,15.24,false,0.266,0,0
2025-01-11T09:37:00Z,external_transfer,mobile,25_to_99,8,0,11.16,false,0.154,0,0
2025-01-11T09:54:00Z,atm_withdrawal,mobile,under_25,20,4,22.27,false,0.119,0,0
2025-01-11T10:11:00Z,atm_withdrawal,mobile,500_to_999,3,4,11.52,true,0.460,1,1
2025-01-11T10:28:00Z,debit_purchase,web,100_to_499,13,2,52.07,false,0.006,1,0
2025-01-11T10:45:00Z,bill_payment,mobile,25_to_99,21,1,20.96,false,0.043,1,1
2025-01-11T11:02:00Z,internal_transfer,mobile,1000_to_2499,19,3,28.04,false,0.072,1,1
2025-01-11T11:19:00Z,debit_purchase,mobile,25_to_99,8,3,40.27,false,0.371,0,0
2025-01-11T11:36:00Z,deposit,web,2500_plus,7,2,45.55,true,0.575,0,0
2025-01-11T11:53:00Z,debit_purchase,atm,100_to_499,7,0,35.13,false,0.185,0,0
2025-01-11T12:10:00Z,external_transfer,mobile,1000_to_2499,6,5,18.54,false,0.225,1,0
2025-01-11T12:27:00Z,bill_payment,web,1000_to_2499,17,1,7.85,true,0.137,0,0
2025-01-11T12:44:00Z,bill_payment,branch_assisted,25_to_99,12,4,4.81,false,0.588,1,1
2025-01-11T13:01:00Z,bill_payment,branch_assisted,500_to_999,8,3,4.46,false,0.172,0,1
2025-01-11T13:18:00Z,debit_purchase,mobile,25_to_99,22,3,54.16,false,0.357,0,0
2025-01-11T13:35:00Z,debit_purchase,web,25_to_99,23,1,31.07,false,0.088,1,0
2025-01-11T13:52:00Z,external_transfer,mobile,25_to_99,18,2,85.56,false,0.195,0,0
2025-01-11T14:09:00Z,external_transfer,mobile,2500_plus,16,0,1.09,false,0.066,0,0
2025-01-11T14:26:00Z,debit_purchase,mobile,1000_to_2499,16,2,81.35,false,0.379,0,1
2025-01-11T14:43:00Z,deposit,mobile,25_to_99,22,2,84.51,true,0.205,0,0
2025-01-11T15:00:00Z,debit_purchase,mobile,1000_to_2499,8,4,43.64,false,0.457,0,0
2025-01-11T15:17:00Z,internal_transfer,mobile,25_to_99,5,5,26.07,false,0.181,0,0
2025-01-11T15:34:00Z,bill_payment,mobile,500_to_999,21,2,92.54,false,0.328,0,0
2025-01-11T15:51:00Z,external_transfer,web,100_to_499,20,1,41.19,false,0.464,1,0
2025-01-11T16:08:00Z,internal_transfer,web,1000_to_2499,8,3,18.83,false,0.516,0,1
2025-01-11T16:25:00Z,atm_withdrawal,web,100_to_499,0,1,48.80,false,0.165,1,0
2025-01-11T16:42:00Z,internal_transfer,web,100_to_499,6,3,47.90,true,0.322,0,0
2025-01-11T16:59:00Z,debit_purchase,mobile,100_to_499,15,3,170.69,false,0.632,0,1
2025-01-11T17:16:00Z,debit_purchase,mobile,25_to_99,12,2,15.78,false,0.594,0,1
2025-01-11T17:33:00Z,debit_purchase,branch_assisted,500_to_999,21,4,4.89,false,0.411,0,0
2025-01-11T17:50:00Z,internal_transfer,mobile,100_to_499,18,2,90.69,false,0.504,0,0
2025-01-11T18:07:00Z,internal_transfer,web,25_to_99,18,3,93.23,false,0.250,1,0
2025-01-11T18:24:00Z,debit_purchase,mobile,100_to_499,15,0,16.14,false,0.359,0,0
2025-01-11T18:41:00Z,external_transfer,web,25_to_99,23,2,30.26,false,0.114,1,0
2025-01-11T18:58:00Z,atm_withdrawal,branch_assisted,100_to_499,21,3,15.21,false,0.213,0,0
2025-01-11T19:15:00Z,internal_transfer,web,2500_plus,6,2,10.13,false,0.346,0,0
2025-01-11T19:32:00Z,deposit,mobile,2500_plus,9,1,8.80,false,0.120,0,0
2025-01-11T19:49:00Z,atm_withdrawal,mobile,under_25,5,1,55.30,false,0.290,0,0
2025-01-11T20:06:00Z,debit_purchase,branch_assisted,25_to_99,17,2,6.98,false,0.170,0,0
2025-01-11T20:23:00Z,bill_payment,mobile,100_to_499,2,4,43.76,false,0.228,1,0
2025-01-11T20:40:00Z,debit_purchase,atm,25_to_99,11,0,51.40,false,0.204,0,0
2025-01-11T20:57:00Z,bill_payment,web,1000_to_2499,20,2,97.14,false,0.212,0,0
2025-01-11T21:14:00Z,debit_purchase,atm,25_to_99,11,3,17.62,false,0.156,1,1
2025-01-11T21:31:00Z,bill_payment,mobile,under_25,9,1,34.42,true,0.427,0,0
2025-01-11T21:48:00Z,deposit,mobile,25_to_99,13,1,87.78,false,0.279,1,0
2025-01-11T22:05:00Z,atm_withdrawal,mobile,25_to_99,17,1,39.23,false,0.327,0,0
2025-01-11T22:22:00Z,internal_transfer,web,1000_to_2499,23,2,93.59,false,0.492,1,0
2025-01-11T22:39:00Z,deposit,web,under_25,15,2,60.20,false,0.142,1,0
2025-01-11T22:56:00Z,bill_payment,mobile,under_25,23,4,113.22,true,0.078,1,0
2025-01-11T23:13:00Z,external_transfer,atm,100_to_499,14,0,35.40,false,0.392,0,0
2025-01-11T23:30:00Z,deposit,atm,25_to_99,19,2,9.58,false,0.089,0,0
2025-01-11T23:47:00Z,internal_transfer,mobile,under_25,6,1,4.23,false,0.371,1,1
2025-01-12T00:04:00Z,internal_transfer,atm,25_to_99,0,1,6.07,false,0.112,0,1
2025-01-12T00:21:00Z,debit_purchase,atm,25_to_99,23,2,25.88,false,0.342,0,0
2025-01-12T00:38:00Z,debit_purchase,branch_assisted,under_25,8,1,98.13,true,0.310,0,0
2025-01-12T00:55:00Z,deposit,branch_assisted,100_to_499,17,3,40.31,false,0.181,0,0
2025-01-12T01:12:00Z,external_transfer,branch_assisted,100_to_499,0,1,78.50,false,0.084,1,0
2025-01-12T01:29:00Z,debit_purchase,web,under_25,4,1,63.94,false,0.374,1,0
2025-01-12T01:46:00Z,debit_purchase,branch_assisted,1000_to_2499,12,2,38.23,false,0.186,0,0
2025-01-12T02:03:00Z,internal_transfer,web,25_to_99,22,2,77.27,false,0.558,2,1
2025-01-12T02:20:00Z,external_transfer,mobile,500_to_999,14,1,176.05,false,0.290,1,0
2025-01-12T02:37:00Z,atm_withdrawal,web,25_to_99,0,3,3.02,true,0.130,0,0
2025-01-12T02:54:00Z,bill_payment,web,100_to_499,6,1,42.74,false,0.177,0,0
2025-01-12T03:11:00Z,atm_withdrawal,branch_assisted,under_25,14,2,9.75,false,0.489,0,0
2025-01-12T03:28:00Z,atm_withdrawal,web,100_to_499,11,2,12.21,false,0.377,0,1
2025-01-12T03:45:00Z,atm_withdrawal,web,100_to_499,23,0,14.91,false,0.427,1,0
2025-01-12T04:02:00Z,atm_withdrawal,web,1000_to_2499,4,3,88.99,false,0.039,0,0
2025-01-12T04:19:00Z,internal_transfer,branch_assisted,2500_plus,1,2,46.98,false,0.099,0,0
2025-01-12T04:36:00Z,atm_withdrawal,atm,25_to_99,12,2,37.77,false,0.184,0,0
2025-01-12T04:53:00Z,debit_purchase,mobile,25_to_99,18,1,65.24,false,0.552,0,0
2025-01-12T05:10:00Z,bill_payment,branch_assisted,500_to_999,17,2,71.01,true,0.493,1,1
2025-01-12T05:27:00Z,bill_payment,mobile,100_to_499,3,0,28.34,true,0.235,0,0
2025-01-12T05:44:00Z,debit_purchase,web,500_to_999,4,4,91.83,false,0.069,0,0
2025-01-12T06:01:00Z,bill_payment,mobile,100_to_499,12,0,28.08,false,0.238,1,0
2025-01-12T06:18:00Z,bill_payment,mobile,500_to_999,11,2,10.90,false,0.114,0,0
2025-01-12T06:35:00Z,debit_purchase,mobile,under_25,15,2,111.35,false,0.252,0,0
2025-01-12T06:52:00Z,internal_transfer,web,25_to_99,0,4,6.33,false,0.081,2,1
2025-01-12T07:09:00Z,external_transfer,mobile,100_to_499,14,3,83.21,false,0.338,0,0
2025-01-12T07:26:00Z,external_transfer,mobile,100_to_499,6,2,74.43,false,0.427,0,0
2025-01-12T07:43:00Z,debit_purchase,mobile,under_25,7,2,26.33,false,0.344,1,1
2025-01-12T08:00:00Z,debit_purchase,mobile,25_to_99,12,0,16.93,false,0.432,0,0
2025-01-12T08:17:00Z,bill_payment,mobile,25_to_99,4,2,70.54,false,0.319,2,1
2025-01-12T08:34:00Z,debit_purchase,atm,under_25,13,1,27.75,true,0.371,1,1
2025-01-12T08:51:00Z,atm_withdrawal,mobile,1000_to_2499,14,2,16.82,false,0.140,0,0
2025-01-12T09:08:00Z,deposit,mobile,100_to_499,1,4,80.78,false,0.427,0,1
2025-01-12T09:25:00Z,atm_withdrawal,mobile,under_25,13,3,18.16,false,0.185,1,0
2025-01-12T09:42:00Z,atm_withdrawal,mobile,25_to_99,6,5,62.11,false,0.173,1,0
2025-01-12T09:59:00Z,bill_payment,web,100_to_499,6,2,5.12,false,0.176,0,0
2025-01-12T10:16:00Z,bill_payment,mobile,under_25,8,2,46.24,false,0.013,1,0
2025-01-12T10:33:00Z,bill_payment,mobile,25_to_99,18,3,31.80,false,0.505,0,0
2025-01-12T10:50:00Z,internal_transfer,web,under_25,14,1,40.31,true,0.302,0,0
2025-01-12T11:07:00Z,bill_payment,mobile,under_25,15,2,5.05,false,0.325,0,0
2025-01-12T11:24:00Z,bill_payment,mobile,500_to_999,17,2,33.89,false,0.535,1,1
2025-01-12T11:41:00Z,internal_transfer,mobile,25_to_99,1,6,6.84,false,0.379,1,0
2025-01-12T11:58:00Z,atm_withdrawal,mobile,2500_plus,14,3,70.09,false,0.160,1,0
2025-01-12T12:15:00Z,external_transfer,web,25_to_99,20,4,48.73,false,0.674,0,1
2025-01-12T12:32:00Z,debit_purchase,mobile,25_to_99,9,2,155.34,false,0.034,0,0
2025-01-12T12:49:00Z,debit_purchase,mobile,100_to_499,4,2,4.53,true,0.177,0,1
2025-01-12T13:06:00Z,atm_withdrawal,web,2500_plus,14,5,55.82,false,0.151,0,0
2025-01-12T13:23:00Z,debit_purchase,mobile,100_to_499,11,2,62.14,false,0.057,0,1
2025-01-12T13:40:00Z,atm_withdrawal,mobile,under_25,20,2,68.54,false,0.104,2,0
2025-01-12T13:57:00Z,external_transfer,atm,under_25,8,3,3.45,false,0.542,0,0
2025-01-12T14:14:00Z,bill_payment,mobile,25_to_99,13,4,99.48,false,0.207,0,0
2025-01-12T14:31:00Z,atm_withdrawal,web,100_to_499,22,2,3.23,false,0.052,1,0
2025-01-12T14:48:00Z,bill_payment,web,500_to_999,12,2,53.42,false,0.679,0,1
2025-01-12T15:05:00Z,internal_transfer,web,500_to_999,3,1,66.58,false,0.330,1,1
2025-01-12T15:22:00Z,debit_purchase,web,under_25,20,7,18.83,false,0.479,0,0
2025-01-12T15:39:00Z,external_transfer,mobile,500_to_999,21,2,30.09,true,0.415,0,0
2025-01-12T15:56:00Z,bill_payment,mobile,500_to_999,11,3,71.97,false,0.400,1,0
2025-01-12T16:13:00Z,debit_purchase,branch_assisted,25_to_99,11,4,26.13,true,0.140,0,0
2025-01-12T16:30:00Z,atm_withdrawal,mobile,100_to_499,1,2,0.51,false,0.442,0,0
2025-01-12T16:47:00Z,internal_transfer,web,500_to_999,9,4,143.64,false,0.375,0,1
2025-01-12T17:04:00Z,atm_withdrawal,web,2500_plus,13,4,19.53,false,0.468,0,1
2025-01-12T17:21:00Z,deposit,mobile,25_to_99,22,2,4.78,true,0.188,0,0
2025-01-12T17:38:00Z,internal_transfer,mobile,500_to_999,11,2,131.33,false,0.288,0,0
2025-01-12T17:55:00Z,bill_payment,branch_assisted,25_to_99,21,5,82.76,false,0.345,1,0
2025-01-12T18:12:00Z,debit_purchase,mobile,100_to_499,14,1,97.23,false,0.358,0,0
2025-01-12T18:29:00Z,external_transfer,branch_assisted,500_to_999,23,5,33.42,false,0.043,0,0
2025-01-12T18:46:00Z,debit_purchase,web,500_to_999,12,1,11.27,false,0.139,1,0
2025-01-12T19:03:00Z,deposit,mobile,100_to_499,5,2,127.45,false,0.184,1,0
