timestamp,vendor,endpoint,recent_vendor_latency_ms,recent_vendor_error_rate,queue_depth,retry_count,request_size_bytes,hour_of_day,request_failed
2026-03-02T00:00:00Z,ClearVerify,identity_verify,549,0.0582,34,1,2017,0,0
2026-03-02T00:03:00Z,ClearVerify,identity_document_upload,270,0.1373,12,0,727,0,0
2026-03-02T00:06:00Z,Northstar Payments,transfer_submit,147,0.1769,21,0,1214,0,1
2026-03-02T00:09:00Z,Northstar Payments,transfer_status,181,0.1203,0,1,749,0,0
2026-03-02T00:12:00Z,HarborLink Core Gateway,account_summary,496,0.0334,14,1,5431,0,0
2026-03-02T00:15:00Z,HarborLink Core Gateway,transaction_history,253,0.2261,34,0,1054,0,0
2026-03-02T00:18:00Z,BlueCurrent Documents,statement_fetch,324,0.0627,37,0,808,0,0
2026-03-02T00:21:00Z,BlueCurrent Documents,notice_fetch,45,0.0758,51,0,3620,0,0
2026-03-02T00:24:00Z,ClearVerify,identity_verify,262,0.0628,61,0,3082,0,1
2026-03-02T00:27:00Z,ClearVerify,identity_document_upload,494,0.0319,61,0,1484,0,0
2026-03-02T00:30:00Z,Northstar Payments,transfer_submit,206,0.0881,18,0,1305,0,0
2026-03-02T00:33:00Z,Northstar Payments,transfer_status,300,0.1632,18,0,1138,0,0
2026-03-02T00:36:00Z,HarborLink Core Gateway,account_summary,238,0.0522,36,1,2667,0,0
2026-03-02T00:39:00Z,HarborLink Core Gateway,transaction_history,399,0.0878,53,0,2713,0,0
2026-03-02T00:42:00Z,BlueCurrent Documents,statement_fetch,434,0.1754,9,0,1511,0,0
2026-03-02T00:45:00Z,BlueCurrent Documents,notice_fetch,233,0.1465,70,0,6773,0,0
2026-03-02T00:48:00Z,ClearVerify,identity_verify,276,0.0152,16,0,1419,0,0
2026-03-02T00:51:00Z,ClearVerify,identity_document_upload,137,0.0866,19,1,734,0,0
2026-03-02T00:54:00Z,Northstar Payments,transfer_submit,304,0.0610,37,0,2370,0,1
2026-03-02T00:57:00Z,Northstar Payments,transfer_status,185,0.0733,37,0,1248,0,0
2026-03-02T01:00:00Z,HarborLink Core Gateway,account_summary,318,0.1378,34,0,1103,1,1
2026-03-02T01:03:00Z,HarborLink Core Gateway,transaction_history,508,0.0723,13,0,1101,1,0
2026-03-02T01:06:00Z,BlueCurrent Documents,statement_fetch,340,0.0876,20,3,1624,1,1
2026-03-02T01:09:00Z,BlueCurrent Documents,notice_fetch,438,0.0433,18,0,330,1,0
2026-03-02T01:12:00Z,ClearVerify,identity_verify,381,0.0588,0,0,718,1,0
2026-03-02T01:15:00Z,ClearVerify,identity_document_upload,45,0.1222,10,0,1231,1,1
2026-03-02T01:18:00Z,Northstar Payments,transfer_submit,127,0.0800,28,0,2103,1,0
2026-03-02T01:21:00Z,Northstar Payments,transfer_status,456,0.0572,15,0,3461,1,0
2026-03-02T01:24:00Z,HarborLink Core Gateway,account_summary,561,0.0809,7,1,1890,1,1
2026-03-02T01:27:00Z,HarborLink Core Gateway,transaction_history,205,0.1098,8,0,258,1,0
2026-03-02T01:30:00Z,BlueCurrent Documents,statement_fetch,425,0.1760,85,0,1981,1,0
2026-03-02T01:33:00Z,BlueCurrent Documents,notice_fetch,328,0.0979,0,0,1065,1,0
2026-03-02T01:36:00Z,ClearVerify,identity_verify,177,0.0219,16,2,2352,1,0
2026-03-02T01:39:00Z,ClearVerify,identity_document_upload,480,0.1730,59,0,3200,1,1
2026-03-02T01:42:00Z,Northstar Payments,transfer_submit,327,0.1465,39,0,975,1,0
2026-03-02T01:45:00Z,Northstar Payments,transfer_status,149,0.0274,0,0,2413,1,0
2026-03-02T01:48:00Z,HarborLink Core Gateway,account_summary,370,0.0154,48,0,1842,1,0
2026-03-02T01:51:00Z,HarborLink Core Gateway,transaction_history,127,0.0419,21,0,1364,1,0
2026-03-02T01:54:00Z,BlueCurrent Documents,statement_fetch,69,0.0844,82,0,967,1,1
2026-03-02T01:57:00Z,BlueCurrent Documents,notice_fetch,183,0.0673,8,0,3300,1,0
2026-03-02T02:00:00Z,ClearVerify,identity_verify,240,0.0518,14,0,2833,2,0
2026-03-02T02:03:00Z,ClearVerify,identity_document_upload,255,0.0504,0,0,704,2,0
2026-03-02T02:06:00Z,Northstar Payments,transfer_submit,186,0.0989,0,0,856,2,0
2026-03-02T02:09:00Z,Northstar Payments,transfer_status,230,0.1621,34,1,1807,2,1
2026-03-02T02:12:00Z,HarborLink Core Gateway,account_summary,372,0.1460,22,2,3092,2,0
2026-03-02T02:15:00Z,HarborLink Core Gateway,transaction_history,307,0.1769,15,2,1249,2,1
2026-03-02T02:18:00Z,BlueCurrent Documents,statement_fetch,86,0.0941,32,0,896,2,0
2026-03-02T02:21:00Z,BlueCurrent Documents,notice_fetch,334,0.0928,41,0,1362,2,1
2026-03-02T02:24:00Z,ClearVerify,identity_verify,618,0.0493,10,0,1025,2,0
2026-03-02T02:27:00Z,ClearVerify,identity_document_upload,224,0.0067,15,0,2382,2,0
2026-03-02T02:30:00Z,Northstar Payments,transfer_submit,381,0.0407,63,0,11354,2,0
2026-03-02T02:33:00Z,Northstar Payments,transfer_status,297,0.0174,63,1,1187,2,0
2026-03-02T02:36:00Z,HarborLink Core Gateway,account_summary,129,0.2089,60,0,1422,2,1
2026-03-02T02:39:00Z,HarborLink Core Gateway,transaction_history,437,0.0967,0,2,2087,2,1
2026-03-02T02:42:00Z,BlueCurrent Documents,statement_fetch,525,0.0303,33,0,605,2,0
2026-03-02T02:45:00Z,BlueCurrent Documents,notice_fetch,400,0.0629,62,1,1630,2,1
2026-03-02T02:48:00Z,ClearVerify,identity_verify,308,0.0491,0,1,808,2,0
2026-03-02T02:51:00Z,ClearVerify,identity_document_upload,255,0.0314,8,1,673,2,0
2026-03-02T02:54:00Z,Northstar Payments,transfer_submit,118,0.0501,16,0,2603,2,0
2026-03-02T02:57:00Z,Northstar Payments,transfer_status,45,0.2800,2,2,1538,2,0
2026-03-02T03:00:00Z,HarborLink Core Gateway,account_summary,290,0.1398,69,1,2499,3,0
2026-03-02T03:03:00Z,HarborLink Core Gateway,transaction_history,489,0.0228,103,0,1344,3,0
2026-03-02T03:06:00Z,BlueCurrent Documents,statement_fetch,236,0.1079,63,2,894,3,1
2026-03-02T03:09:00Z,BlueCurrent Documents,notice_fetch,400,0.0114,55,2,494,3,0
2026-03-02T03:12:00Z,ClearVerify,identity_verify,488,0.0536,0,0,715,3,0
2026-03-02T03:15:00Z,ClearVerify,identity_document_upload,174,0.0548,26,0,11248,3,0
2026-03-02T03:18:00Z,Northstar Payments,transfer_submit,290,0.1174,83,0,414,3,0
2026-03-02T03:21:00Z,Northstar Payments,transfer_status,45,0.0697,62,2,3236,3,0
2026-03-02T03:24:00Z,HarborLink Core Gateway,account_summary,119,0.0616,78,0,599,3,0
2026-03-02T03:27:00Z,HarborLink Core Gateway,transaction_history,346,0.0502,51,0,2325,3,1
2026-03-02T03:30:00Z,BlueCurrent Documents,statement_fetch,213,0.0938,10,0,2098,3,0
2026-03-02T03:33:00Z,BlueCurrent Documents,notice_fetch,299,0.2201,33,0,1069,3,0
2026-03-02T03:36:00Z,ClearVerify,identity_verify,248,0.0448,31,0,1254,3,0
2026-03-02T03:39:00Z,ClearVerify,identity_document_upload,167,0.0010,12,0,917,3,0
2026-03-02T03:42:00Z,Northstar Payments,transfer_submit,362,0.0241,4,0,1652,3,0
2026-03-02T03:45:00Z,Northstar Payments,transfer_status,464,0.1068,45,0,3306,3,0
2026-03-02T03:48:00Z,HarborLink Core Gateway,account_summary,45,0.0611,22,0,4924,3,0
2026-03-02T03:51:00Z,HarborLink Core Gateway,transaction_history,181,0.0759,0,0,2985,3,0
2026-03-02T03:54:00Z,BlueCurrent Documents,statement_fetch,434,0.0758,36,2,1579,3,1
2026-03-02T03:57:00Z,BlueCurrent Documents,notice_fetch,424,0.0975,27,0,2373,3,0
2026-03-02T04:00:00Z,ClearVerify,identity_verify,343,0.0658,0,0,718,4,0
2026-03-02T04:03:00Z,ClearVerify,identity_document_upload,337,0.0811,10,0,1818,4,0
2026-03-02T04:06:00Z,Northstar Payments,transfer_submit,500,0.1190,51,0,3816,4,1
2026-03-02T04:09:00Z,Northstar Payments,transfer_status,644,0.1286,0,3,4530,4,1
2026-03-02T04:12:00Z,HarborLink Core Gateway,account_summary,450,0.0384,0,0,1364,4,0
2026-03-02T04:15:00Z,HarborLink Core Gateway,transaction_history,124,0.0242,31,2,1406,4,1
2026-03-02T04:18:00Z,BlueCurrent Documents,statement_fetch,211,0.0537,59,3,626,4,1
2026-03-02T04:21:00Z,BlueCurrent Documents,notice_fetch,462,0.0716,12,0,5726,4,1
2026-03-02T04:24:00Z,ClearVerify,identity_verify,129,0.0866,66,0,563,4,1
2026-03-02T04:27:00Z,ClearVerify,identity_document_upload,182,0.2800,62,0,1324,4,1
2026-03-02T04:30:00Z,Northstar Payments,transfer_submit,91,0.0557,12,0,1474,4,0
2026-03-02T04:33:00Z,Northstar Payments,transfer_status,470,0.2033,3,0,659,4,0
2026-03-02T04:36:00Z,HarborLink Core Gateway,account_summary,477,0.0497,34,0,2293,4,0
2026-03-02T04:39:00Z,HarborLink Core Gateway,transaction_history,477,0.2073,10,0,1613,4,1
2026-03-02T04:42:00Z,BlueCurrent Documents,statement_fetch,372,0.0110,10,0,3295,4,0
2026-03-02T04:45:00Z,BlueCurrent Documents,notice_fetch,508,0.0816,0,0,2836,4,0
2026-03-02T04:48:00Z,ClearVerify,identity_verify,447,0.0168,9,0,4351,4,0
2026-03-02T04:51:00Z,ClearVerify,identity_document_upload,193,0.1688,20,1,754,4,0
2026-03-02T04:54:00Z,Northstar Payments,transfer_submit,240,0.0317,43,1,1478,4,0
2026-03-02T04:57:00Z,Northstar Payments,transfer_status,176,0.0798,0,0,1897,4,0
2026-03-02T05:00:00Z,HarborLink Core Gateway,account_summary,372,0.0307,29,0,991,5,0
2026-03-02T05:03:00Z,HarborLink Core Gateway,transaction_history,404,0.1756,0,1,1735,5,1
2026-03-02T05:06:00Z,BlueCurrent Documents,statement_fetch,223,0.0104,53,2,498,5,0
2026-03-02T05:09:00Z,BlueCurrent Documents,notice_fetch,184,0.0804,0,0,1661,5,0
2026-03-02T05:12:00Z,ClearVerify,identity_verify,217,0.0958,0,0,379,5,0
2026-03-02T05:15:00Z,ClearVerify,identity_document_upload,360,0.0054,32,0,2232,5,0
2026-03-02T05:18:00Z,Northstar Payments,transfer_submit,726,0.0855,63,0,5839,5,0
2026-03-02T05:21:00Z,Northstar Payments,transfer_status,390,0.0456,28,0,1271,5,0
2026-03-02T05:24:00Z,HarborLink Core Gateway,account_summary,225,0.1291,30,1,3865,5,1
2026-03-02T05:27:00Z,HarborLink Core Gateway,transaction_history,282,0.1470,49,0,408,5,1
2026-03-02T05:30:00Z,BlueCurrent Documents,statement_fetch,345,0.0041,48,2,2529,5,0
2026-03-02T05:33:00Z,BlueCurrent Documents,notice_fetch,257,0.0435,14,2,2086,5,1
2026-03-02T05:36:00Z,ClearVerify,identity_verify,192,0.1191,37,2,1094,5,0
2026-03-02T05:39:00Z,ClearVerify,identity_document_upload,306,0.2427,70,0,1036,5,1
2026-03-02T05:42:00Z,Northstar Payments,transfer_submit,120,0.0123,10,0,1995,5,0
2026-03-02T05:45:00Z,Northstar Payments,transfer_status,254,0.2800,36,0,2149,5,0
2026-03-02T05:48:00Z,HarborLink Core Gateway,account_summary,319,0.0205,31,0,1255,5,0
2026-03-02T05:51:00Z,HarborLink Core Gateway,transaction_history,259,0.1122,45,0,1304,5,0
2026-03-02T05:54:00Z,BlueCurrent Documents,statement_fetch,343,0.0377,55,1,2101,5,0
2026-03-02T05:57:00Z,BlueCurrent Documents,notice_fetch,150,0.0128,46,1,2921,5,0
2026-03-02T06:00:00Z,ClearVerify,identity_verify,167,0.2428,9,0,405,6,0
2026-03-02T06:03:00Z,ClearVerify,identity_document_upload,573,0.0362,1,0,1925,6,0
2026-03-02T06:06:00Z,Northstar Payments,transfer_submit,257,0.0787,64,0,771,6,0
2026-03-02T06:09:00Z,Northstar Payments,transfer_status,327,0.1536,29,0,1197,6,1
2026-03-02T06:12:00Z,HarborLink Core Gateway,account_summary,527,0.0138,7,0,1675,6,0
2026-03-02T06:15:00Z,HarborLink Core Gateway,transaction_history,115,0.0126,24,1,1703,6,0
2026-03-02T06:18:00Z,BlueCurrent Documents,statement_fetch,580,0.1559,67,0,2307,6,0
2026-03-02T06:21:00Z,BlueCurrent Documents,notice_fetch,126,0.0203,48,1,921,6,0
2026-03-02T06:24:00Z,ClearVerify,identity_verify,550,0.0239,0,0,15055,6,0
2026-03-02T06:27:00Z,ClearVerify,identity_document_upload,631,0.0697,53,0,4056,6,1
2026-03-02T06:30:00Z,Northstar Payments,transfer_submit,109,0.2513,19,0,1641,6,0
2026-03-02T06:33:00Z,Northstar Payments,transfer_status,593,0.1975,47,0,4301,6,0
2026-03-02T06:36:00Z,HarborLink Core Gateway,account_summary,416,0.1234,20,0,1044,6,1
2026-03-02T06:39:00Z,HarborLink Core Gateway,transaction_history,129,0.0592,70,0,2219,6,1
2026-03-02T06:42:00Z,BlueCurrent Documents,statement_fetch,179,0.0365,52,0,1385,6,0
2026-03-02T06:45:00Z,BlueCurrent Documents,notice_fetch,229,0.1397,28,0,1040,6,0
2026-03-02T06:48:00Z,ClearVerify,identity_verify,181,0.0454,34,0,3284,6,0
2026-03-02T06:51:00Z,ClearVerify,identity_document_upload,299,0.1068,49,0,1714,6,0
2026-03-02T06:54:00Z,Northstar Payments,transfer_submit,192,0.1099,18,0,2325,6,0
2026-03-02T06:57:00Z,Northstar Payments,transfer_status,316,0.1870,22,0,1199,6,0
2026-03-02T07:00:00Z,HarborLink Core Gateway,account_summary,444,0.0493,54,0,4274,7,0
2026-03-02T07:03:00Z,HarborLink Core Gateway,transaction_history,210,0.0202,44,0,1835,7,0
2026-03-02T07:06:00Z,BlueCurrent Documents,statement_fetch,122,0.0609,26,1,583,7,0
2026-03-02T07:09:00Z,BlueCurrent Documents,notice_fetch,229,0.0855,40,1,468,7,0
2026-03-02T07:12:00Z,ClearVerify,identity_verify,566,0.0459,35,0,673,7,1
2026-03-02T07:15:00Z,ClearVerify,identity_document_upload,171,0.2601,16,0,5596,7,1
2026-03-02T07:18:00Z,Northstar Payments,transfer_submit,359,0.2581,27,1,707,7,1
2026-03-02T07:21:00Z,Northstar Payments,transfer_status,217,0.1370,29,0,1811,7,0
2026-03-02T07:24:00Z,HarborLink Core Gateway,account_summary,45,0.0313,27,1,2645,7,0
2026-03-02T07:27:00Z,HarborLink Core Gateway,transaction_history,282,0.1072,30,0,5277,7,0
2026-03-02T07:30:00Z,BlueCurrent Documents,statement_fetch,236,0.1245,15,3,1051,7,1
2026-03-02T07:33:00Z,BlueCurrent Documents,notice_fetch,45,0.0580,4,0,931,7,0
2026-03-02T07:36:00Z,ClearVerify,identity_verify,482,0.1858,38,0,1081,7,0
2026-03-02T07:39:00Z,ClearVerify,identity_document_upload,151,0.1537,0,0,1143,7,0
2026-03-02T07:42:00Z,Northstar Payments,transfer_submit,317,0.1931,61,1,1346,7,1
2026-03-02T07:45:00Z,Northstar Payments,transfer_status,99,0.0560,35,0,924,7,0
2026-03-02T07:48:00Z,HarborLink Core Gateway,account_summary,82,0.0982,47,2,1640,7,0
2026-03-02T07:51:00Z,HarborLink Core Gateway,transaction_history,609,0.0300,31,0,751,7,0
2026-03-02T07:54:00Z,BlueCurrent Documents,statement_fetch,432,0.1126,18,0,1922,7,1
2026-03-02T07:57:00Z,BlueCurrent Documents,notice_fetch,492,0.0033,13,0,1596,7,0
2026-03-02T08:00:00Z,ClearVerify,identity_verify,155,0.1696,46,0,8966,8,1
2026-03-02T08:03:00Z,ClearVerify,identity_document_upload,300,0.1999,60,0,2288,8,0
2026-03-02T08:06:00Z,Northstar Payments,transfer_submit,182,0.0769,37,1,2281,8,0
2026-03-02T08:09:00Z,Northstar Payments,transfer_status,295,0.0471,56,3,828,8,1
2026-03-02T08:12:00Z,HarborLink Core Gateway,account_summary,45,0.0147,54,0,5019,8,0
2026-03-02T08:15:00Z,HarborLink Core Gateway,transaction_history,262,0.2440,58,0,3342,8,1
2026-03-02T08:18:00Z,BlueCurrent Documents,statement_fetch,136,0.1804,44,0,1893,8,0
2026-03-02T08:21:00Z,BlueCurrent Documents,notice_fetch,361,0.0619,20,0,2695,8,1
2026-03-02T08:24:00Z,ClearVerify,identity_verify,339,0.1608,41,2,1773,8,0
2026-03-02T08:27:00Z,ClearVerify,identity_document_upload,313,0.0559,32,0,1032,8,0
2026-03-02T08:30:00Z,Northstar Payments,transfer_submit,338,0.0663,19,0,1962,8,1
2026-03-02T08:33:00Z,Northstar Payments,transfer_status,267,0.1076,25,0,7158,8,1
2026-03-02T08:36:00Z,HarborLink Core Gateway,account_summary,263,0.1431,54,0,3813,8,1
2026-03-02T08:39:00Z,HarborLink Core Gateway,transaction_history,324,0.0179,55,0,670,8,1
2026-03-02T08:42:00Z,BlueCurrent Documents,statement_fetch,508,0.1038,17,0,1378,8,0
2026-03-02T08:45:00Z,BlueCurrent Documents,notice_fetch,45,0.0826,0,0,994,8,0
2026-03-02T08:48:00Z,ClearVerify,identity_verify,562,0.1142,52,0,2336,8,0
2026-03-02T08:51:00Z,ClearVerify,identity_document_upload,89,0.0774,24,1,521,8,1
2026-03-02T08:54:00Z,Northstar Payments,transfer_submit,495,0.0287,47,0,586,8,0
2026-03-02T08:57:00Z,Northstar Payments,transfer_status,180,0.0273,0,1,8391,8,0
2026-03-02T09:00:00Z,HarborLink Core Gateway,account_summary,485,0.0801,11,0,9407,9,0
2026-03-02T09:03:00Z,HarborLink Core Gateway,transaction_history,265,0.0428,22,0,1859,9,0
2026-03-02T09:06:00Z,BlueCurrent Documents,statement_fetch,137,0.0272,45,0,3397,9,0
2026-03-02T09:09:00Z,BlueCurrent Documents,notice_fetch,45,0.0258,56,0,615,9,1
2026-03-02T09:12:00Z,ClearVerify,identity_verify,328,0.0733,33,1,3137,9,0
2026-03-02T09:15:00Z,ClearVerify,identity_document_upload,209,0.0439,0,0,512,9,0
2026-03-02T09:18:00Z,Northstar Payments,transfer_submit,391,0.1206,0,0,4880,9,0
2026-03-02T09:21:00Z,Northstar Payments,transfer_status,275,0.2649,27,1,1724,9,1
2026-03-02T09:24:00Z,HarborLink Core Gateway,account_summary,392,0.1712,39,0,1560,9,0
2026-03-02T09:27:00Z,HarborLink Core Gateway,transaction_history,509,0.0895,10,1,1116,9,0
2026-03-02T09:30:00Z,BlueCurrent Documents,statement_fetch,350,0.0270,19,0,3766,9,0
2026-03-02T09:33:00Z,BlueCurrent Documents,notice_fetch,324,0.1330,9,1,724,9,1
2026-03-02T09:36:00Z,ClearVerify,identity_verify,45,0.0088,69,0,527,9,0
2026-03-02T09:39:00Z,ClearVerify,identity_document_upload,572,0.0392,48,0,4416,9,1
2026-03-02T09:42:00Z,Northstar Payments,transfer_submit,251,0.0677,0,0,1678,9,0
2026-03-02T09:45:00Z,Northstar Payments,transfer_status,364,0.1908,50,0,885,9,1
2026-03-02T09:48:00Z,HarborLink Core Gateway,account_summary,45,0.1965,45,1,2313,9,0
2026-03-02T09:51:00Z,HarborLink Core Gateway,transaction_history,310,0.0175,47,0,1240,9,0
2026-03-02T09:54:00Z,BlueCurrent Documents,statement_fetch,252,0.0449,10,0,3122,9,0
2026-03-02T09:57:00Z,BlueCurrent Documents,notice_fetch,189,0.1255,24,0,1695,9,0
2026-03-02T10:00:00Z,ClearVerify,identity_verify,130,0.2800,13,0,288,10,0
2026-03-02T10:03:00Z,ClearVerify,identity_document_upload,389,0.0974,45,0,961,10,0
2026-03-02T10:06:00Z,Northstar Payments,transfer_submit,424,0.0590,49,0,739,10,0
2026-03-02T10:09:00Z,Northstar Payments,transfer_status,420,0.0122,28,0,877,10,0
2026-03-02T10:12:00Z,HarborLink Core Gateway,account_summary,375,0.0553,55,0,1789,10,0
2026-03-02T10:15:00Z,HarborLink Core Gateway,transaction_history,326,0.1808,29,0,1546,10,0
2026-03-02T10:18:00Z,BlueCurrent Documents,statement_fetch,239,0.1193,8,0,619,10,0
2026-03-02T10:21:00Z,BlueCurrent Documents,notice_fetch,458,0.0501,18,1,2012,10,0
2026-03-02T10:24:00Z,ClearVerify,identity_verify,78,0.1312,21,0,1446,10,0
2026-03-02T10:27:00Z,ClearVerify,identity_document_upload,336,0.1422,14,3,3882,10,1
2026-03-02T10:30:00Z,Northstar Payments,transfer_submit,207,0.1296,0,2,3311,10,1
2026-03-02T10:33:00Z,Northstar Payments,transfer_status,160,0.0641,7,0,660,10,0
2026-03-02T10:36:00Z,HarborLink Core Gateway,account_summary,196,0.1267,0,3,3761,10,0
2026-03-02T10:39:00Z,HarborLink Core Gateway,transaction_history,437,0.0950,65,1,1258,10,1
2026-03-02T10:42:00Z,BlueCurrent Documents,statement_fetch,124,0.1665,0,1,9978,10,0
2026-03-02T10:45:00Z,BlueCurrent Documents,notice_fetch,415,0.0116,42,1,2063,10,0
2026-03-02T10:48:00Z,ClearVerify,identity_verify,335,0.1140,102,0,1393,10,1
2026-03-02T10:51:00Z,ClearVerify,identity_document_upload,45,0.0703,0,0,2158,10,0
2026-03-02T10:54:00Z,Northstar Payments,transfer_submit,127,0.0716,15,2,958,10,0
2026-03-02T10:57:00Z,Northstar Payments,transfer_status,363,0.0880,57,0,2323,10,1
2026-03-02T11:00:00Z,HarborLink Core Gateway,account_summary,280,0.0216,36,0,340,11,1
2026-03-02T11:03:00Z,HarborLink Core Gateway,transaction_history,296,0.1750,56,0,961,11,0
2026-03-02T11:06:00Z,BlueCurrent Documents,statement_fetch,227,0.0831,80,0,2829,11,0
2026-03-02T11:09:00Z,BlueCurrent Documents,notice_fetch,512,0.0522,63,0,690,11,1
2026-03-02T11:12:00Z,ClearVerify,identity_verify,134,0.2173,33,1,1120,11,0
2026-03-02T11:15:00Z,ClearVerify,identity_document_upload,242,0.0075,44,0,976,11,0
2026-03-02T11:18:00Z,Northstar Payments,transfer_submit,204,0.0225,65,2,684,11,1
2026-03-02T11:21:00Z,Northstar Payments,transfer_status,125,0.1299,37,2,2353,11,0
2026-03-02T11:24:00Z,HarborLink Core Gateway,account_summary,672,0.0735,38,0,405,11,1
2026-03-02T11:27:00Z,HarborLink Core Gateway,transaction_history,456,0.0037,55,0,2384,11,0
2026-03-02T11:30:00Z,BlueCurrent Documents,statement_fetch,159,0.1212,54,0,4005,11,0
2026-03-02T11:33:00Z,BlueCurrent Documents,notice_fetch,254,0.0098,36,0,1281,11,0
2026-03-02T11:36:00Z,ClearVerify,identity_verify,199,0.0498,0,1,4568,11,0
2026-03-02T11:39:00Z,ClearVerify,identity_document_upload,45,0.0595,40,0,3716,11,0
2026-03-02T11:42:00Z,Northstar Payments,transfer_submit,310,0.0515,70,0,1927,11,0
2026-03-02T11:45:00Z,Northstar Payments,transfer_status,430,0.1005,49,0,1971,11,0
2026-03-02T11:48:00Z,HarborLink Core Gateway,account_summary,197,0.1015,37,0,943,11,0
2026-03-02T11:51:00Z,HarborLink Core Gateway,transaction_history,238,0.0778,35,0,1769,11,0
2026-03-02T11:54:00Z,BlueCurrent Documents,statement_fetch,418,0.0526,9,1,1098,11,0
2026-03-02T11:57:00Z,BlueCurrent Documents,notice_fetch,387,0.0223,0,0,1235,11,0
2026-03-02T12:00:00Z,ClearVerify,identity_verify,261,0.1970,61,0,601,12,1
2026-03-02T12:03:00Z,ClearVerify,identity_document_upload,47,0.0352,65,0,3138,12,0
2026-03-02T12:06:00Z,Northstar Payments,transfer_submit,510,0.0535,37,0,3725,12,0
2026-03-02T12:09:00Z,Northstar Payments,transfer_status,331,0.0206,45,1,996,12,1
2026-03-02T12:12:00Z,HarborLink Core Gateway,account_summary,352,0.0607,11,0,2479,12,0
2026-03-02T12:15:00Z,HarborLink Core Gateway,transaction_history,193,0.0700,0,0,1032,12,0
2026-03-02T12:18:00Z,BlueCurrent Documents,statement_fetch,498,0.0069,87,0,842,12,0
2026-03-02T12:21:00Z,BlueCurrent Documents,notice_fetch,507,0.0441,35,1,1437,12,0
2026-03-02T12:24:00Z,ClearVerify,identity_verify,196,0.1986,29,0,1568,12,0
2026-03-02T12:27:00Z,ClearVerify,identity_document_upload,170,0.0113,0,0,966,12,0
2026-03-02T12:30:00Z,Northstar Payments,transfer_submit,134,0.0582,22,0,1177,12,0
2026-03-02T12:33:00Z,Northstar Payments,transfer_status,559,0.2780,33,2,1459,12,1
2026-03-02T12:36:00Z,HarborLink Core Gateway,account_summary,376,0.0606,5,0,1465,12,0
2026-03-02T12:39:00Z,HarborLink Core Gateway,transaction_history,92,0.0608,90,1,1398,12,0
2026-03-02T12:42:00Z,BlueCurrent Documents,statement_fetch,424,0.0546,48,0,3428,12,0
2026-03-02T12:45:00Z,BlueCurrent Documents,notice_fetch,343,0.0614,25,1,3688,12,0
2026-03-02T12:48:00Z,ClearVerify,identity_verify,229,0.2149,25,1,3656,12,1
2026-03-02T12:51:00Z,ClearVerify,identity_document_upload,413,0.0249,34,0,1915,12,0
2026-03-02T12:54:00Z,Northstar Payments,transfer_submit,85,0.1053,0,0,4448,12,0
2026-03-02T12:57:00Z,Northstar Payments,transfer_status,257,0.0650,0,0,1426,12,0
2026-03-02T13:00:00Z,HarborLink Core Gateway,account_summary,113,0.0907,12,2,935,13,0
2026-03-02T13:03:00Z,HarborLink Core Gateway,transaction_history,45,0.0412,28,0,1852,13,0
2026-03-02T13:06:00Z,BlueCurrent Documents,statement_fetch,547,0.1550,42,2,1257,13,1
2026-03-02T13:09:00Z,BlueCurrent Documents,notice_fetch,332,0.1020,50,1,1166,13,0
2026-03-02T13:12:00Z,ClearVerify,identity_verify,212,0.0711,0,0,8145,13,0
2026-03-02T13:15:00Z,ClearVerify,identity_document_upload,273,0.1815,38,0,5390,13,0
2026-03-02T13:18:00Z,Northstar Payments,transfer_submit,195,0.2781,13,0,787,13,0
2026-03-02T13:21:00Z,Northstar Payments,transfer_status,150,0.0801,0,0,4486,13,0
2026-03-02T13:24:00Z,HarborLink Core Gateway,account_summary,449,0.0235,62,0,1448,13,1
2026-03-02T13:27:00Z,HarborLink Core Gateway,transaction_history,45,0.1985,40,0,1355,13,0
2026-03-02T13:30:00Z,BlueCurrent Documents,statement_fetch,506,0.0553,0,0,888,13,0
2026-03-02T13:33:00Z,BlueCurrent Documents,notice_fetch,112,0.0663,0,0,1356,13,0
2026-03-02T13:36:00Z,ClearVerify,identity_verify,285,0.0541,62,0,2775,13,0
2026-03-02T13:39:00Z,ClearVerify,identity_document_upload,318,0.2283,5,0,2394,13,1
2026-03-02T13:42:00Z,Northstar Payments,transfer_submit,378,0.0200,14,0,2448,13,0
2026-03-02T13:45:00Z,Northstar Payments,transfer_status,413,0.0434,31,0,2141,13,0
2026-03-02T13:48:00Z,HarborLink Core Gateway,account_summary,208,0.0547,12,1,707,13,0
2026-03-02T13:51:00Z,HarborLink Core Gateway,transaction_history,96,0.1412,19,0,1006,13,0
2026-03-02T13:54:00Z,BlueCurrent Documents,statement_fetch,473,0.2482,72,0,4116,13,1
2026-03-02T13:57:00Z,BlueCurrent Documents,notice_fetch,289,0.0742,16,0,1851,13,0
2026-03-02T14:00:00Z,ClearVerify,identity_verify,367,0.0946,5,2,1021,14,1
2026-03-02T14:03:00Z,ClearVerify,identity_document_upload,203,0.0712,16,0,549,14,0
2026-03-02T14:06:00Z,Northstar Payments,transfer_submit,45,0.0819,42,0,3783,14,0
2026-03-02T14:09:00Z,Northstar Payments,transfer_status,236,0.1279,30,0,2929,14,0
2026-03-02T14:12:00Z,HarborLink Core Gateway,account_summary,231,0.0882,43,0,1443,14,0
2026-03-02T14:15:00Z,HarborLink Core Gateway,transaction_history,308,0.0607,7,0,2212,14,0
2026-03-02T14:18:00Z,BlueCurrent Documents,statement_fetch,453,0.2800,0,1,948,14,0
2026-03-02T14:21:00Z,BlueCurrent Documents,notice_fetch,375,0.0609,71,1,1411,14,1
2026-03-02T14:24:00Z,ClearVerify,identity_verify,385,0.2047,33,0,1714,14,0
2026-03-02T14:27:00Z,ClearVerify,identity_document_upload,432,0.0379,32,0,1437,14,0
2026-03-02T14:30:00Z,Northstar Payments,transfer_submit,178,0.0125,31,0,3103,14,0
2026-03-02T14:33:00Z,Northstar Payments,transfer_status,185,0.0502,27,1,1179,14,0
2026-03-02T14:36:00Z,HarborLink Core Gateway,account_summary,318,0.0976,45,0,467,14,0
2026-03-02T14:39:00Z,HarborLink Core Gateway,transaction_history,363,0.0156,0,0,15045,14,1
2026-03-02T14:42:00Z,BlueCurrent Documents,statement_fetch,281,0.0440,9,0,3087,14,0
2026-03-02T14:45:00Z,BlueCurrent Documents,notice_fetch,187,0.0330,0,0,2145,14,0
2026-03-02T14:48:00Z,ClearVerify,identity_verify,330,0.1412,36,0,2244,14,0
2026-03-02T14:51:00Z,ClearVerify,identity_document_upload,233,0.0731,0,2,3278,14,0
2026-03-02T14:54:00Z,Northstar Payments,transfer_submit,352,0.0489,0,0,3754,14,0
2026-03-02T14:57:00Z,Northstar Payments,transfer_status,149,0.0481,9,1,2621,14,0
2026-03-02T15:00:00Z,HarborLink Core Gateway,account_summary,372,0.0151,16,0,1765,15,0
2026-03-02T15:03:00Z,HarborLink Core Gateway,transaction_history,775,0.0716,21,0,1737,15,0
2026-03-02T15:06:00Z,BlueCurrent Documents,statement_fetch,503,0.0604,5,1,3167,15,0
2026-03-02T15:09:00Z,BlueCurrent Documents,notice_fetch,60,0.1365,85,0,832,15,0
2026-03-02T15:12:00Z,ClearVerify,identity_verify,312,0.1169,21,0,438,15,0
2026-03-02T15:15:00Z,ClearVerify,identity_document_upload,236,0.0466,0,0,1121,15,0
2026-03-02T15:18:00Z,Northstar Payments,transfer_submit,416,0.0843,0,0,2093,15,0
2026-03-02T15:21:00Z,Northstar Payments,transfer_status,401,0.1107,60,0,1033,15,1
2026-03-02T15:24:00Z,HarborLink Core Gateway,account_summary,434,0.0839,0,0,3591,15,0
2026-03-02T15:27:00Z,HarborLink Core Gateway,transaction_history,519,0.0801,0,1,1417,15,0
2026-03-02T15:30:00Z,BlueCurrent Documents,statement_fetch,201,0.0689,17,0,1585,15,0
2026-03-02T15:33:00Z,BlueCurrent Documents,notice_fetch,217,0.0943,0,0,842,15,0
2026-03-02T15:36:00Z,ClearVerify,identity_verify,505,0.0508,16,0,2285,15,1
2026-03-02T15:39:00Z,ClearVerify,identity_document_upload,294,0.0996,34,1,1207,15,1
2026-03-02T15:42:00Z,Northstar Payments,transfer_submit,214,0.0608,0,0,1003,15,0
2026-03-02T15:45:00Z,Northstar Payments,transfer_status,519,0.0555,13,0,1123,15,0
2026-03-02T15:48:00Z,HarborLink Core Gateway,account_summary,423,0.1966,19,0,2792,15,0
2026-03-02T15:51:00Z,HarborLink Core Gateway,transaction_history,311,0.0862,27,0,3618,15,0
2026-03-02T15:54:00Z,BlueCurrent Documents,statement_fetch,345,0.1572,30,0,1722,15,1
2026-03-02T15:57:00Z,BlueCurrent Documents,notice_fetch,429,0.1179,47,1,2673,15,0
2026-03-02T16:00:00Z,ClearVerify,identity_verify,172,0.0369,11,0,1293,16,0
2026-03-02T16:03:00Z,ClearVerify,identity_document_upload,266,0.1218,47,0,620,16,0
2026-03-02T16:06:00Z,Northstar Payments,transfer_submit,340,0.0478,15,0,5151,16,0
2026-03-02T16:09:00Z,Northstar Payments,transfer_status,460,0.0460,19,0,1676,16,0
2026-03-02T16:12:00Z,HarborLink Core Gateway,account_summary,417,0.0228,18,0,1183,16,0
2026-03-02T16:15:00Z,HarborLink Core Gateway,transaction_history,231,0.0374,0,2,990,16,0
2026-03-02T16:18:00Z,BlueCurrent Documents,statement_fetch,144,0.0904,25,0,459,16,1
2026-03-02T16:21:00Z,BlueCurrent Documents,notice_fetch,142,0.1339,26,0,1428,16,0
2026-03-02T16:24:00Z,ClearVerify,identity_verify,206,0.0687,40,0,4487,16,0
2026-03-02T16:27:00Z,ClearVerify,identity_document_upload,45,0.2596,35,0,1532,16,0
2026-03-02T16:30:00Z,Northstar Payments,transfer_submit,295,0.0279,23,0,2574,16,0
2026-03-02T16:33:00Z,Northstar Payments,transfer_status,507,0.0212,49,0,1696,16,1
2026-03-02T16:36:00Z,HarborLink Core Gateway,account_summary,402,0.0356,68,1,1092,16,0
2026-03-02T16:39:00Z,HarborLink Core Gateway,transaction_history,45,0.0120,51,0,2528,16,0
2026-03-02T16:42:00Z,BlueCurrent Documents,statement_fetch,196,0.1063,36,2,635,16,0
2026-03-02T16:45:00Z,BlueCurrent Documents,notice_fetch,112,0.2390,33,0,847,16,0
2026-03-02T16:48:00Z,ClearVerify,identity_verify,679,0.0788,18,1,1321,16,0
2026-03-02T16:51:00Z,ClearVerify,identity_document_upload,349,0.0186,18,0,985,16,0
2026-03-02T16:54:00Z,Northstar Payments,transfer_submit,303,0.0585,14,0,1195,16,0
2026-03-02T16:57:00Z,Northstar Payments,transfer_status,396,0.0705,53,0,4925,16,1
2026-03-02T17:00:00Z,HarborLink Core Gateway,account_summary,79,0.0828,0,1,1356,17,0
2026-03-02T17:03:00Z,HarborLink Core Gateway,transaction_history,185,0.0081,0,0,1730,17,0
2026-03-02T17:06:00Z,BlueCurrent Documents,statement_fetch,449,0.2169,0,0,1811,17,1
2026-03-02T17:09:00Z,BlueCurrent Documents,notice_fetch,75,0.0343,65,0,1874,17,0
2026-03-02T17:12:00Z,ClearVerify,identity_verify,495,0.0597,49,0,778,17,0
2026-03-02T17:15:00Z,ClearVerify,identity_document_upload,191,0.1960,36,0,2821,17,0
2026-03-02T17:18:00Z,Northstar Payments,transfer_submit,328,0.0156,25,0,843,17,0
2026-03-02T17:21:00Z,Northstar Payments,transfer_status,311,0.1254,0,1,3889,17,0
2026-03-02T17:24:00Z,HarborLink Core Gateway,account_summary,402,0.0897,8,0,1024,17,0
2026-03-02T17:27:00Z,HarborLink Core Gateway,transaction_history,646,0.0359,8,0,1159,17,0
2026-03-02T17:30:00Z,BlueCurrent Documents,statement_fetch,391,0.0075,5,0,2576,17,0
2026-03-02T17:33:00Z,BlueCurrent Documents,notice_fetch,150,0.1566,0,1,1716,17,0
2026-03-02T17:36:00Z,ClearVerify,identity_verify,334,0.2311,14,0,1494,17,0
2026-03-02T17:39:00Z,ClearVerify,identity_document_upload,205,0.0873,28,0,3120,17,0
2026-03-02T17:42:00Z,Northstar Payments,transfer_submit,429,0.1504,52,0,2129,17,0
2026-03-02T17:45:00Z,Northstar Payments,transfer_status,247,0.1402,22,0,4167,17,0
2026-03-02T17:48:00Z,HarborLink Core Gateway,account_summary,266,0.0524,63,0,4739,17,0
2026-03-02T17:51:00Z,HarborLink Core Gateway,transaction_history,443,0.0512,52,0,1780,17,0
2026-03-02T17:54:00Z,BlueCurrent Documents,statement_fetch,127,0.1040,27,0,1587,17,0
2026-03-02T17:57:00Z,BlueCurrent Documents,notice_fetch,215,0.0590,0,0,1255,17,0
2026-03-02T18:00:00Z,ClearVerify,identity_verify,593,0.0479,58,0,4646,18,0
2026-03-02T18:03:00Z,ClearVerify,identity_document_upload,485,0.0185,41,0,2987,18,0
2026-03-02T18:06:00Z,Northstar Payments,transfer_submit,280,0.0395,38,0,2409,18,0
2026-03-02T18:09:00Z,Northstar Payments,transfer_status,514,0.0375,23,0,5118,18,0
2026-03-02T18:12:00Z,HarborLink Core Gateway,account_summary,325,0.1541,1,0,1684,18,0
2026-03-02T18:15:00Z,HarborLink Core Gateway,transaction_history,467,0.1461,48,1,3748,18,1
2026-03-02T18:18:00Z,BlueCurrent Documents,statement_fetch,281,0.0033,0,0,2724,18,1
2026-03-02T18:21:00Z,BlueCurrent Documents,notice_fetch,406,0.0402,6,0,1948,18,1
2026-03-02T18:24:00Z,ClearVerify,identity_verify,148,0.1567,81,3,1501,18,0
2026-03-02T18:27:00Z,ClearVerify,identity_document_upload,476,0.0438,45,0,9393,18,1
2026-03-02T18:30:00Z,Northstar Payments,transfer_submit,239,0.0120,33,0,4646,18,0
2026-03-02T18:33:00Z,Northstar Payments,transfer_status,466,0.0275,27,0,2091,18,0
2026-03-02T18:36:00Z,HarborLink Core Gateway,account_summary,342,0.0139,9,0,3237,18,0
2026-03-02T18:39:00Z,HarborLink Core Gateway,transaction_history,203,0.2800,60,1,2182,18,1
2026-03-02T18:42:00Z,BlueCurrent Documents,statement_fetch,319,0.0875,2,1,1888,18,0
2026-03-02T18:45:00Z,BlueCurrent Documents,notice_fetch,533,0.0419,12,2,791,18,1
2026-03-02T18:48:00Z,ClearVerify,identity_verify,424,0.0695,23,0,1449,18,1
2026-03-02T18:51:00Z,ClearVerify,identity_document_upload,329,0.0314,45,0,4528,18,0
2026-03-02T18:54:00Z,Northstar Payments,transfer_submit,216,0.0880,49,0,340,18,0
2026-03-02T18:57:00Z,Northstar Payments,transfer_status,337,0.1886,34,0,1797,18,0
2026-03-02T19:00:00Z,HarborLink Core Gateway,account_summary,100,0.1309,0,0,1699,19,1
2026-03-02T19:03:00Z,HarborLink Core Gateway,transaction_history,547,0.1412,3,1,386,19,1
2026-03-02T19:06:00Z,BlueCurrent Documents,statement_fetch,193,0.0984,7,1,944,19,0
2026-03-02T19:09:00Z,BlueCurrent Documents,notice_fetch,737,0.0313,36,0,1356,19,0
2026-03-02T19:12:00Z,ClearVerify,identity_verify,77,0.0161,0,1,825,19,0
2026-03-02T19:15:00Z,ClearVerify,identity_document_upload,86,0.1246,32,0,3465,19,0
2026-03-02T19:18:00Z,Northstar Payments,transfer_submit,251,0.0693,23,1,1174,19,1
2026-03-02T19:21:00Z,Northstar Payments,transfer_status,424,0.0909,0,0,2295,19,0
2026-03-02T19:24:00Z,HarborLink Core Gateway,account_summary,537,0.1511,22,0,2352,19,0
2026-03-02T19:27:00Z,HarborLink Core Gateway,transaction_history,498,0.0656,6,2,2183,19,0
2026-03-02T19:30:00Z,BlueCurrent Documents,statement_fetch,145,0.0529,51,0,1367,19,0
2026-03-02T19:33:00Z,BlueCurrent Documents,notice_fetch,272,0.1357,68,0,2105,19,0
2026-03-02T19:36:00Z,ClearVerify,identity_verify,216,0.0364,0,2,1900,19,1
2026-03-02T19:39:00Z,ClearVerify,identity_document_upload,181,0.1623,27,0,1742,19,1
2026-03-02T19:42:00Z,Northstar Payments,transfer_submit,162,0.0869,52,0,1017,19,0
2026-03-02T19:45:00Z,Northstar Payments,transfer_status,283,0.0641,67,0,402,19,0
2026-03-02T19:48:00Z,HarborLink Core Gateway,account_summary,510,0.0679,19,0,408,19,0
2026-03-02T19:51:00Z,HarborLink Core Gateway,transaction_history,142,0.0525,0,1,4197,19,0
2026-03-02T19:54:00Z,BlueCurrent Documents,statement_fetch,202,0.1051,58,1,1079,19,0
2026-03-02T19:57:00Z,BlueCurrent Documents,notice_fetch,400,0.0989,55,0,3929,19,0
2026-03-02T20:00:00Z,ClearVerify,identity_verify,505,0.2800,37,0,1768,20,1
2026-03-02T20:03:00Z,ClearVerify,identity_document_upload,363,0.0175,40,0,2063,20,0
2026-03-02T20:06:00Z,Northstar Payments,transfer_submit,164,0.0587,10,0,1412,20,0
2026-03-02T20:09:00Z,Northstar Payments,transfer_status,182,0.0827,36,0,3064,20,0
2026-03-02T20:12:00Z,HarborLink Core Gateway,account_summary,197,0.0837,43,0,637,20,0
2026-03-02T20:15:00Z,HarborLink Core Gateway,transaction_history,284,0.1783,23,1,1447,20,1
2026-03-02T20:18:00Z,BlueCurrent Documents,statement_fetch,543,0.0331,29,0,3443,20,0
2026-03-02T20:21:00Z,BlueCurrent Documents,notice_fetch,448,0.0945,27,2,4171,20,1
2026-03-02T20:24:00Z,ClearVerify,identity_verify,326,0.1374,22,0,2045,20,0
2026-03-02T20:27:00Z,ClearVerify,identity_document_upload,387,0.0724,20,0,2657,20,0
2026-03-02T20:30:00Z,Northstar Payments,transfer_submit,284,0.1110,28,0,5227,20,0
2026-03-02T20:33:00Z,Northstar Payments,transfer_status,588,0.1742,25,1,1108,20,0
2026-03-02T20:36:00Z,HarborLink Core Gateway,account_summary,277,0.0348,26,0,1232,20,0
2026-03-02T20:39:00Z,HarborLink Core Gateway,transaction_history,225,0.0952,11,0,652,20,0
2026-03-02T20:42:00Z,BlueCurrent Documents,statement_fetch,163,0.1486,43,0,1485,20,0
2026-03-02T20:45:00Z,BlueCurrent Documents,notice_fetch,353,0.0377,63,0,250,20,0
2026-03-02T20:48:00Z,ClearVerify,identity_verify,186,0.1636,15,0,4774,20,0
2026-03-02T20:51:00Z,ClearVerify,identity_document_upload,350,0.0228,11,0,5397,20,0
2026-03-02T20:54:00Z,Northstar Payments,transfer_submit,702,0.1791,23,0,825,20,0
2026-03-02T20:57:00Z,Northstar Payments,transfer_status,334,0.0972,68,1,3875,20,1
2026-03-02T21:00:00Z,HarborLink Core Gateway,account_summary,361,0.0225,31,0,3864,21,0
2026-03-02T21:03:00Z,HarborLink Core Gateway,transaction_history,218,0.0591,8,0,2806,21,0
2026-03-02T21:06:00Z,BlueCurrent Documents,statement_fetch,327,0.0712,33,2,4111,21,1
2026-03-02T21:09:00Z,BlueCurrent Documents,notice_fetch,388,0.0241,53,0,2346,21,0
2026-03-02T21:12:00Z,ClearVerify,identity_verify,287,0.1602,70,0,1164,21,1
2026-03-02T21:15:00Z,ClearVerify,identity_document_upload,267,0.0675,29,0,1042,21,0
2026-03-02T21:18:00Z,Northstar Payments,transfer_submit,341,0.0303,47,0,1770,21,0
2026-03-02T21:21:00Z,Northstar Payments,transfer_status,322,0.0391,0,0,1683,21,0
2026-03-02T21:24:00Z,HarborLink Core Gateway,account_summary,332,0.0510,70,0,503,21,0
2026-03-02T21:27:00Z,HarborLink Core Gateway,transaction_history,192,0.0238,6,0,6193,21,0
2026-03-02T21:30:00Z,BlueCurrent Documents,statement_fetch,260,0.0734,24,0,5443,21,0
2026-03-02T21:33:00Z,BlueCurrent Documents,notice_fetch,362,0.0073,4,0,1037,21,0
2026-03-02T21:36:00Z,ClearVerify,identity_verify,204,0.0031,58,0,4372,21,0
2026-03-02T21:39:00Z,ClearVerify,identity_document_upload,203,0.0779,71,2,3342,21,0
2026-03-02T21:42:00Z,Northstar Payments,transfer_submit,585,0.0227,0,0,5698,21,0
2026-03-02T21:45:00Z,Northstar Payments,transfer_status,392,0.0987,50,0,5876,21,1
2026-03-02T21:48:00Z,HarborLink Core Gateway,account_summary,441,0.0714,52,0,1961,21,0
2026-03-02T21:51:00Z,HarborLink Core Gateway,transaction_history,227,0.0352,54,0,504,21,0
2026-03-02T21:54:00Z,BlueCurrent Documents,statement_fetch,376,0.0373,29,0,1892,21,0
2026-03-02T21:57:00Z,BlueCurrent Documents,notice_fetch,45,0.0220,5,0,1414,21,0
2026-03-02T22:00:00Z,ClearVerify,identity_verify,227,0.1217,4,0,981,22,0
2026-03-02T22:03:00Z,ClearVerify,identity_document_upload,202,0.0972,64,0,1228,22,0
2026-03-02T22:06:00Z,Northstar Payments,transfer_submit,205,0.2800,18,0,2754,22,1
2026-03-02T22:09:00Z,Northstar Payments,transfer_status,509,0.0700,13,0,1372,22,0
2026-03-02T22:12:00Z,HarborLink Core Gateway,account_summary,133,0.0192,54,0,2406,22,0
2026-03-02T22:15:00Z,HarborLink Core Gateway,transaction_history,154,0.0670,36,0,3082,22,0
2026-03-02T22:18:00Z,BlueCurrent Documents,statement_fetch,316,0.0148,27,0,2046,22,0
2026-03-02T22:21:00Z,BlueCurrent Documents,notice_fetch,507,0.0071,5,0,931,22,0
2026-03-02T22:24:00Z,ClearVerify,identity_verify,55,0.0715,55,0,1876,22,1
2026-03-02T22:27:00Z,ClearVerify,identity_document_upload,482,0.1718,0,0,1673,22,1
2026-03-02T22:30:00Z,Northstar Payments,transfer_submit,455,0.2054,39,0,250,22,1
2026-03-02T22:33:00Z,Northstar Payments,transfer_status,175,0.0199,32,0,4577,22,0
2026-03-02T22:36:00Z,HarborLink Core Gateway,account_summary,176,0.1394,53,0,2750,22,0
2026-03-02T22:39:00Z,HarborLink Core Gateway,transaction_history,517,0.0764,22,0,2655,22,1
2026-03-02T22:42:00Z,BlueCurrent Documents,statement_fetch,45,0.0342,52,0,1490,22,0
2026-03-02T22:45:00Z,BlueCurrent Documents,notice_fetch,209,0.2058,33,0,664,22,0
2026-03-02T22:48:00Z,ClearVerify,identity_verify,348,0.0584,0,0,1058,22,0
2026-03-02T22:51:00Z,ClearVerify,identity_document_upload,252,0.0944,13,0,880,22,0
2026-03-02T22:54:00Z,Northstar Payments,transfer_submit,418,0.1014,25,0,5074,22,0
2026-03-02T22:57:00Z,Northstar Payments,transfer_status,369,0.0281,57,0,2534,22,1
2026-03-02T23:00:00Z,HarborLink Core Gateway,account_summary,328,0.1243,34,0,324,23,0
2026-03-02T23:03:00Z,HarborLink Core Gateway,transaction_history,511,0.2800,47,0,7264,23,1
2026-03-02T23:06:00Z,BlueCurrent Documents,statement_fetch,149,0.0060,66,1,3261,23,0
2026-03-02T23:09:00Z,BlueCurrent Documents,notice_fetch,200,0.1308,41,1,4218,23,0
2026-03-02T23:12:00Z,ClearVerify,identity_verify,572,0.0171,30,0,918,23,0
2026-03-02T23:15:00Z,ClearVerify,identity_document_upload,347,0.1434,87,0,1071,23,0
2026-03-02T23:18:00Z,Northstar Payments,transfer_submit,45,0.0320,0,0,509,23,0
2026-03-02T23:21:00Z,Northstar Payments,transfer_status,387,0.0210,57,0,324,23,1
2026-03-02T23:24:00Z,HarborLink Core Gateway,account_summary,403,0.0237,30,0,572,23,1
2026-03-02T23:27:00Z,HarborLink Core Gateway,transaction_history,325,0.0522,57,1,4470,23,0
2026-03-02T23:30:00Z,BlueCurrent Documents,statement_fetch,399,0.0734,54,0,2968,23,1
2026-03-02T23:33:00Z,BlueCurrent Documents,notice_fetch,303,0.0157,3,0,2212,23,0
2026-03-02T23:36:00Z,ClearVerify,identity_verify,45,0.0639,26,0,5205,23,0
2026-03-02T23:39:00Z,ClearVerify,identity_document_upload,502,0.0743,0,2,3435,23,1
2026-03-02T23:42:00Z,Northstar Payments,transfer_submit,261,0.1411,13,0,1703,23,0
2026-03-02T23:45:00Z,Northstar Payments,transfer_status,108,0.0467,2,0,430,23,0
2026-03-02T23:48:00Z,HarborLink Core Gateway,account_summary,77,0.0010,45,0,291,23,0
2026-03-02T23:51:00Z,HarborLink Core Gateway,transaction_history,413,0.1929,9,0,1863,23,1
2026-03-02T23:54:00Z,BlueCurrent Documents,statement_fetch,170,0.1634,0,0,7374,23,0
2026-03-02T23:57:00Z,BlueCurrent Documents,notice_fetch,278,0.0385,18,0,3034,23,0
2026-03-03T00:00:00Z,ClearVerify,identity_verify,169,0.1187,0,1,1665,0,0
2026-03-03T00:03:00Z,ClearVerify,identity_document_upload,473,0.0402,27,0,1604,0,0
2026-03-03T00:06:00Z,Northstar Payments,transfer_submit,278,0.1532,12,0,2506,0,0
2026-03-03T00:09:00Z,Northstar Payments,transfer_status,449,0.0376,61,0,1520,0,0
2026-03-03T00:12:00Z,HarborLink Core Gateway,account_summary,454,0.0470,73,0,2467,0,0
2026-03-03T00:15:00Z,HarborLink Core Gateway,transaction_history,435,0.0327,3,0,1907,0,1
2026-03-03T00:18:00Z,BlueCurrent Documents,statement_fetch,372,0.0317,45,0,5718,0,1
2026-03-03T00:21:00Z,BlueCurrent Documents,notice_fetch,716,0.0124,112,0,2351,0,1
2026-03-03T00:24:00Z,ClearVerify,identity_verify,308,0.0253,50,0,756,0,0
2026-03-03T00:27:00Z,ClearVerify,identity_document_upload,159,0.0246,36,0,8248,0,0
2026-03-03T00:30:00Z,Northstar Payments,transfer_submit,45,0.0136,26,0,1185,0,0
2026-03-03T00:33:00Z,Northstar Payments,transfer_status,170,0.0272,52,0,1115,0,1
2026-03-03T00:36:00Z,HarborLink Core Gateway,account_summary,205,0.0682,60,0,250,0,0
2026-03-03T00:39:00Z,HarborLink Core Gateway,transaction_history,238,0.0037,46,0,1391,0,0
2026-03-03T00:42:00Z,BlueCurrent Documents,statement_fetch,143,0.0634,1,0,1255,0,0
2026-03-03T00:45:00Z,BlueCurrent Documents,notice_fetch,255,0.2220,4,1,770,0,0
2026-03-03T00:48:00Z,ClearVerify,identity_verify,560,0.1937,29,1,742,0,1
2026-03-03T00:51:00Z,ClearVerify,identity_document_upload,242,0.1098,14,0,2238,0,0
2026-03-03T00:54:00Z,Northstar Payments,transfer_submit,481,0.0270,43,0,2738,0,0
2026-03-03T00:57:00Z,Northstar Payments,transfer_status,337,0.0633,27,0,1079,0,0
2026-03-03T01:00:00Z,HarborLink Core Gateway,account_summary,400,0.1605,76,0,5984,1,1
2026-03-03T01:03:00Z,HarborLink Core Gateway,transaction_history,234,0.0767,7,0,1448,1,0
2026-03-03T01:06:00Z,BlueCurrent Documents,statement_fetch,245,0.0290,11,0,2232,1,0
2026-03-03T01:09:00Z,BlueCurrent Documents,notice_fetch,418,0.0285,42,2,3444,1,0
2026-03-03T01:12:00Z,ClearVerify,identity_verify,793,0.0334,46,0,1697,1,0
2026-03-03T01:15:00Z,ClearVerify,identity_document_upload,198,0.0186,23,0,1229,1,0
2026-03-03T01:18:00Z,Northstar Payments,transfer_submit,355,0.0737,0,0,555,1,0
2026-03-03T01:21:00Z,Northstar Payments,transfer_status,602,0.0257,35,0,3884,1,0
2026-03-03T01:24:00Z,HarborLink Core Gateway,account_summary,45,0.1164,0,0,1771,1,0
2026-03-03T01:27:00Z,HarborLink Core Gateway,transaction_history,835,0.2800,93,0,2120,1,1
2026-03-03T01:30:00Z,BlueCurrent Documents,statement_fetch,222,0.0722,21,1,1666,1,0
2026-03-03T01:33:00Z,BlueCurrent Documents,notice_fetch,311,0.0531,24,1,3683,1,1
2026-03-03T01:36:00Z,ClearVerify,identity_verify,457,0.0100,0,0,354,1,0
2026-03-03T01:39:00Z,ClearVerify,identity_document_upload,549,0.1462,19,0,549,1,1
2026-03-03T01:42:00Z,Northstar Payments,transfer_submit,259,0.0521,53,1,1737,1,0
2026-03-03T01:45:00Z,Northstar Payments,transfer_status,310,0.0656,35,1,931,1,0
2026-03-03T01:48:00Z,HarborLink Core Gateway,account_summary,197,0.0261,22,0,2084,1,0
2026-03-03T01:51:00Z,HarborLink Core Gateway,transaction_history,287,0.1937,2,0,1754,1,0
2026-03-03T01:54:00Z,BlueCurrent Documents,statement_fetch,202,0.1064,55,0,2826,1,0
2026-03-03T01:57:00Z,BlueCurrent Documents,notice_fetch,474,0.0300,49,0,2309,1,0
2026-03-03T02:00:00Z,ClearVerify,identity_verify,659,0.0169,54,0,961,2,0
2026-03-03T02:03:00Z,ClearVerify,identity_document_upload,330,0.0436,23,3,1728,2,1
2026-03-03T02:06:00Z,Northstar Payments,transfer_submit,279,0.2152,85,0,7431,2,1
2026-03-03T02:09:00Z,Northstar Payments,transfer_status,256,0.2041,46,1,4206,2,0
2026-03-03T02:12:00Z,HarborLink Core Gateway,account_summary,233,0.1004,0,0,2472,2,0
2026-03-03T02:15:00Z,HarborLink Core Gateway,transaction_history,293,0.2106,41,0,9274,2,0
2026-03-03T02:18:00Z,BlueCurrent Documents,statement_fetch,362,0.0754,69,0,2502,2,0
2026-03-03T02:21:00Z,BlueCurrent Documents,notice_fetch,326,0.0205,20,0,1086,2,0
2026-03-03T02:24:00Z,ClearVerify,identity_verify,218,0.0934,54,0,519,2,0
2026-03-03T02:27:00Z,ClearVerify,identity_document_upload,245,0.0426,56,0,668,2,0
2026-03-03T02:30:00Z,Northstar Payments,transfer_submit,173,0.0938,0,0,1038,2,0
2026-03-03T02:33:00Z,Northstar Payments,transfer_status,130,0.0314,58,0,10319,2,0
2026-03-03T02:36:00Z,HarborLink Core Gateway,account_summary,271,0.0507,0,0,2820,2,0
2026-03-03T02:39:00Z,HarborLink Core Gateway,transaction_history,183,0.0019,18,0,3710,2,0
2026-03-03T02:42:00Z,BlueCurrent Documents,statement_fetch,229,0.0416,63,0,901,2,0
2026-03-03T02:45:00Z,BlueCurrent Documents,notice_fetch,490,0.0161,44,0,745,2,0
2026-03-03T02:48:00Z,ClearVerify,identity_verify,440,0.2057,27,0,1246,2,0
2026-03-03T02:51:00Z,ClearVerify,identity_document_upload,599,0.1199,25,0,1055,2,0
2026-03-03T02:54:00Z,Northstar Payments,transfer_submit,240,0.0370,64,0,531,2,1
2026-03-03T02:57:00Z,Northstar Payments,transfer_status,151,0.0738,0,0,558,2,0
2026-03-03T03:00:00Z,HarborLink Core Gateway,account_summary,82,0.0170,69,3,777,3,1
2026-03-03T03:03:00Z,HarborLink Core Gateway,transaction_history,474,0.0213,15,0,875,3,0
2026-03-03T03:06:00Z,BlueCurrent Documents,statement_fetch,316,0.1586,18,0,881,3,0
2026-03-03T03:09:00Z,BlueCurrent Documents,notice_fetch,411,0.0839,36,0,1365,3,0
2026-03-03T03:12:00Z,ClearVerify,identity_verify,356,0.0930,0,2,2122,3,0
2026-03-03T03:15:00Z,ClearVerify,identity_document_upload,61,0.0392,36,0,1118,3,0
2026-03-03T03:18:00Z,Northstar Payments,transfer_submit,363,0.2424,3,1,8588,3,1
2026-03-03T03:21:00Z,Northstar Payments,transfer_status,301,0.0162,27,0,1608,3,1
2026-03-03T03:24:00Z,HarborLink Core Gateway,account_summary,250,0.1494,61,1,631,3,0
2026-03-03T03:27:00Z,HarborLink Core Gateway,transaction_history,536,0.0205,30,0,2710,3,0
2026-03-03T03:30:00Z,BlueCurrent Documents,statement_fetch,239,0.0537,46,0,1520,3,1
2026-03-03T03:33:00Z,BlueCurrent Documents,notice_fetch,152,0.0415,35,0,1147,3,0
2026-03-03T03:36:00Z,ClearVerify,identity_verify,314,0.0709,79,0,383,3,0
2026-03-03T03:39:00Z,ClearVerify,identity_document_upload,243,0.2106,49,0,442,3,0
2026-03-03T03:42:00Z,Northstar Payments,transfer_submit,45,0.0993,41,0,893,3,0
2026-03-03T03:45:00Z,Northstar Payments,transfer_status,353,0.0803,17,1,672,3,0
2026-03-03T03:48:00Z,HarborLink Core Gateway,account_summary,398,0.0762,0,3,575,3,0
2026-03-03T03:51:00Z,HarborLink Core Gateway,transaction_history,279,0.0237,29,0,2054,3,0
2026-03-03T03:54:00Z,BlueCurrent Documents,statement_fetch,375,0.0074,8,1,428,3,0
2026-03-03T03:57:00Z,BlueCurrent Documents,notice_fetch,484,0.1231,0,0,3971,3,1
2026-03-03T04:00:00Z,ClearVerify,identity_verify,440,0.1645,23,0,996,4,1
2026-03-03T04:03:00Z,ClearVerify,identity_document_upload,285,0.0368,0,2,2765,4,1
2026-03-03T04:06:00Z,Northstar Payments,transfer_submit,167,0.0212,65,1,1289,4,0
2026-03-03T04:09:00Z,Northstar Payments,transfer_status,178,0.1324,55,0,1609,4,0
2026-03-03T04:12:00Z,HarborLink Core Gateway,account_summary,246,0.0578,82,1,2518,4,0
2026-03-03T04:15:00Z,HarborLink Core Gateway,transaction_history,281,0.1071,57,0,1427,4,0
2026-03-03T04:18:00Z,BlueCurrent Documents,statement_fetch,45,0.1070,8,3,1049,4,0
2026-03-03T04:21:00Z,BlueCurrent Documents,notice_fetch,281,0.1614,51,0,1469,4,0
2026-03-03T04:24:00Z,ClearVerify,identity_verify,584,0.0422,37,0,2685,4,0
2026-03-03T04:27:00Z,ClearVerify,identity_document_upload,45,0.1386,2,0,4871,4,0
2026-03-03T04:30:00Z,Northstar Payments,transfer_submit,445,0.0700,39,0,662,4,0
2026-03-03T04:33:00Z,Northstar Payments,transfer_status,45,0.0317,59,0,4384,4,0
2026-03-03T04:36:00Z,HarborLink Core Gateway,account_summary,322,0.0274,0,0,1169,4,0
2026-03-03T04:39:00Z,HarborLink Core Gateway,transaction_history,175,0.0468,7,2,2077,4,1
2026-03-03T04:42:00Z,BlueCurrent Documents,statement_fetch,586,0.1220,34,0,592,4,1
2026-03-03T04:45:00Z,BlueCurrent Documents,notice_fetch,72,0.0355,43,0,3131,4,0
2026-03-03T04:48:00Z,ClearVerify,identity_verify,178,0.0896,44,3,2712,4,0
2026-03-03T04:51:00Z,ClearVerify,identity_document_upload,468,0.1068,8,0,1664,4,1
2026-03-03T04:54:00Z,Northstar Payments,transfer_submit,53,0.0482,0,0,1114,4,0
2026-03-03T04:57:00Z,Northstar Payments,transfer_status,45,0.2800,34,0,1365,4,0
2026-03-03T05:00:00Z,HarborLink Core Gateway,account_summary,384,0.0575,28,0,1215,5,0
2026-03-03T05:03:00Z,HarborLink Core Gateway,transaction_history,196,0.2792,87,0,1781,5,0
2026-03-03T05:06:00Z,BlueCurrent Documents,statement_fetch,65,0.0784,0,1,3101,5,0
2026-03-03T05:09:00Z,BlueCurrent Documents,notice_fetch,523,0.0122,42,0,840,5,0
2026-03-03T05:12:00Z,ClearVerify,identity_verify,309,0.0763,70,0,6411,5,0
2026-03-03T05:15:00Z,ClearVerify,identity_document_upload,116,0.1005,5,1,774,5,0
2026-03-03T05:18:00Z,Northstar Payments,transfer_submit,578,0.1061,16,1,1096,5,0
2026-03-03T05:21:00Z,Northstar Payments,transfer_status,96,0.1333,63,0,1082,5,0
2026-03-03T05:24:00Z,HarborLink Core Gateway,account_summary,590,0.1153,37,0,1438,5,1
2026-03-03T05:27:00Z,HarborLink Core Gateway,transaction_history,161,0.1229,0,0,2777,5,0
2026-03-03T05:30:00Z,BlueCurrent Documents,statement_fetch,195,0.1915,0,1,10635,5,0
2026-03-03T05:33:00Z,BlueCurrent Documents,notice_fetch,67,0.0575,0,0,4025,5,0
2026-03-03T05:36:00Z,ClearVerify,identity_verify,176,0.0038,79,0,3262,5,0
2026-03-03T05:39:00Z,ClearVerify,identity_document_upload,294,0.2027,36,0,391,5,1
2026-03-03T05:42:00Z,Northstar Payments,transfer_submit,45,0.1011,0,0,3105,5,0
2026-03-03T05:45:00Z,Northstar Payments,transfer_status,499,0.2345,0,3,481,5,0
2026-03-03T05:48:00Z,HarborLink Core Gateway,account_summary,117,0.1404,0,1,2542,5,0
2026-03-03T05:51:00Z,HarborLink Core Gateway,transaction_history,84,0.0326,0,0,925,5,0
2026-03-03T05:54:00Z,BlueCurrent Documents,statement_fetch,431,0.0231,8,0,2572,5,0
2026-03-03T05:57:00Z,BlueCurrent Documents,notice_fetch,315,0.0122,99,1,2585,5,1
